CASSCountryCode,CodeIATA,CodeCASS,Name,Address1,Address2,City,Country,Phone,VAT,Start Date,End Date,Default Date,Short Name,Email,Head Office,Type
IT,3845000,0013,Claridon Italia srl,Via Vicinale del Pianto,,80143 Napoli ,Italy,+39 0108183009,IT05270491219,2017-04-11,,,CLA,carla.sindona@claridon.com,HO,A
IT,3845001,0012,Xpress Srl C/o Alitalia Cargo,Via Ravagnese Vecchia Aerostazione Pal A,,89067 Reggio Calabria,Italy,+39 0965644999,IT01434630800 CODICE FISCALE 01434630800 ,,,,EXPRE,amministrazione@xpress.it,HO,A
IT,3845002,0011,CARGOIN S.R.L	,VIA ZARA 1,,PIOLTELLO 20096,ITALY,+39 02 4963 5030,IT07774230960,2017-06-02,,,CARGO,italia@cargoin.eu,HO,A
IT,3845003,0010,Easy Express Air System GMBH,Gutenbergstrasse 5,,65830 Kriftel,Germany,06192-97980-40,DE811228001,,,,EASYE,joerg.breidenbach@easy-express.de,HO,A
IT,3845003,6586,EASY EXPRESS AIR SYSTEMS GMBH,GUTENBERGSTRASSE 5,,65830 KRIFTEL,GERMANY,04961929798044,DE811228001,2014-12-15,,,Easy,heidi.rupp@easy-express.de,BR,A
IT,3845005,0004,Worldair Srl,VIA ARETINA 167/B,, 50136 Firenze ,Italy,+39 55671124,IT02242320485,2004-02-17,,,WORLD,maxgalluzzi@worldair.it,HO,A
IT,3845006,0014,TRASPER SRL,Via L. Biagi 55,,20099 Sesto San Giovanni     MI,ITALY,+39 0224860311,IT10879720158 CODICE FISCALE 10879720158,,,,TRANS,trasper@libero.it,HO,A
IT,3845009,0011,ITALIAN SCANDINAVIAN SHIPS SUPPLY SRL,PONTE CARACCIOLO 1,,GENOVA,ITALY,+390102468868,IT00498470103,,,,ITALI,ops@italianscandinavian.com,HO,A
IT,3845012,0015,Delivery by Express DBE Srl,Via Orobia 32,,20139 Milan,Italy,+39 02 55213744,IT09880320156,2010-08-01,,,Deliv,amministrazione@dbexpress.it,HO,A
IT,3845014,0013,SOLEIL INTERNATIONAL SRL,VIA GUICCIARDINI 13,,50125 FLORENCE,ITALY,+39 055 5383860 ,IT06074470482,2011-01-04,,,SOLIE,info@si-log.com,HO,A
IT,3845015,0012,X-Tract Logistics S.L.U,Via Bizzozzero 78,,20032 Cormano,Italy,+39 02 66307176,IT07062270967,2011-05-01,,,X-Tra,robertorusso@xtractlogistics.com,HO,A
IT,3845019,0015,SIA AIR INTERNATIONAL SERVICES SRL,VIA PRENESTINA 307,VIA EDIFICIO SERVIZI CARGO CITY 2,Rome,Italy ,+390665955782,IT05008431008,2018-03-09,,,SIA A,airintlserv@libero.it,HO,A
IT,3845020,5010,Aircargo Italia SRL,Via Aretina 167/B,,50136 FIRENZE,Italy,3905539041,IT08415550154,2014-02-24,,,AIRCA,daniele@aircargoitalia.it ,HO,A
IT,3845023,0011,Malca-Amit Italy S.R.L.,Via Desenzano 14,,20146 Milan,Italy,,IT03589430242,2014-07-28,,,MALCA,info.ita@malca-amit.com,HO,A
IT,3845025,0016,Afc International Services Srl,Via Prenestina 307 scala A,,Roma 00177,Italy,0039 335404740,IT07415791008,2015-10-27,,,AFC,afcroma2@libero.it,HO,A
IT,3845027,0014,PARSIMPEX SRL,LARGO FRATELLI CERV 8,,20090 VIMODRONE,ITALY,+39 02 92169084,IT04835570963,2016-04-18,,,PARSI,dir@parsimpex.com,HO,A
IT,3845028,0013,DSV AIR & SEA ITALY SRL,VIA DANTE ALIGHIERI 134,,20096 LIMITO DI PIOLTELLO,ITALY,+390292134450,IT10701190968,2019-04-26,,,DSV,jessica.martucci@it.dsv.com,HO,A
IT,3845029,0012,Asstra Italia srl a socio unico,VIA DON LUIGI STURZO 10,VIA DON LUIGI STURZO 10,CENATE SOTTO,ITALY,+390354274511,IT02826120160,2019-10-16,,,Asstr,alan.terzi@asstra.com,HO,A
IT,3847000,0015,IVT Italy SRL,"VIALE DELLA MERCANZIA 133,LOCALITÁ CENTERGROSS, BLOCCO 2 A",,FUNO DI ARGELATO 40050,Italy,00390516122653,IT03583730241,2017-01-09,,,IVTIT,info@ivt-italy.com,HO,I
IT,3847001,0014,OCEAN SPED SRL,VICO CHIUSO PAGGI 4/13,,GENOVA 16128,ITALY,+39 01020469246,IT03477790103,2016-12-12,,,OCEAN,alessandro@oceansped.it,HO,I
IT,3847002,0013,TRANSITEX ITALIA SRL,Via di Sottoripa 7/8,,Genova 16124,Italy,+39 010 2461127,IT08611930960,2017-01-23,,,TRANS,giovanna.boero@transitex.it,HO,I
IT,3847004,0011,Albini & Pitigliani SPA,"Via Guglielmo Marconi 46, P.O. Box 944",,59100  Prato             PO,Italy,+39 05745730,IT01027240488 CODICE FISCALE 01027240488,,,,ALBIN,f.fioravanti@alpiworld.com,HO,I
IT,3847004,0022,Albini & Pitigliani SPA,Via Privata Cassanese 8/12,,20060  Vignate      MI,Italy,+39 02950251,IT01027240488 CODICE FISCALE 01027240488,,,,ALBIN,G.Pianta@Alpiworld.com,BR,I
IT,3847005,0010,Alisped SpA,Via Yuri Gagarin 226,,50047  Prato       PO,Italy,+39 05746391,IT01654570975 CODICE FISCALE 00447750480,,,,ALISP,ammi@alisped.it,HO,I
IT,3847005,0043,Alisped SpA,Via Zara 7,,20096 Pioltello,Italy,+39 0292161685,IT01654570975 CODICE FISCALE 00447750480,2012-02-01,,,ALISP,lfagni@alisped.it,BR,I
IT,3847006,0016,LESAM INTERNATIONAL GROUP SRL,VIALE CHARLES LENORMANT 220,,00119 ROME,ITALY,+39 06 6533228,IT04863131001,2016-11-28,,,LESAM,e.messina@lesaminternational.it,HO,I
IT,3847010,0001,CTO GLOBAL LOGISTICS SRL,VIA REDECESIO 5,,SEGRATE,Italy,+390232066401,IT08967170963,2017-01-14,,,CTO G,info.italy@ctonet.com,HO,I
IT,3847011,0022,Avioservizi SRL,Via Guido da Como  6,,22100  Como,Italy,+39 0313388711,IT01467680136 CODICE FISCALE 01467680136,,,,AVIO,amministrazione@avioservizi.com,HO,I
IT,3847013,0016,TRANSTIR SRL a socio unico	,Via del Commercio 24,,Carpi 41012,Italy,+390287189019,IT00759130362,2017-04-03,,,TRANS,rossella.tobaldo@transtir.com,HO,I
IT,3847014,0015,Bolliger Roma SpA,Via Fosso della Magliana 12,,00148  Roma,Italy,+39 06656881,IT03681451005 CODICE FISCALE 03681451005,,,,BOLLI,bolliger@bolligerroma.it,HO,I
IT,3847015,0014,Air and Sea Land F Bonaretti Srl,Via Calabria 4,,20158  Milano,Italy,+39 0239321005,IT01777170158 CODICE FISCALE 01777170158,,,,AIR S,bonaretti@airsealand.191.it,HO,I
IT,3847016,0013,GB MALPENSA LOGISTICS SRL	,"VIA IRLANDA N. 15, 21013",,GALLARATE,Italy,0331785341,IT05016080961,2017-04-28,,,GB MA,amministrazione@gbmalpensa.com,HO,I
IT,3847017,0001,ERREBISPED SRL,VIA PIONIERI E AVIATORI D'ITALIA 44,,GENOVA 16154,ITALY,3347829081,IT03310450105,2017-05-10,,,ERREB,s.grotti@errebisped.com,HO,I
IT,3847018,0011,T.A.S.S. Tir-Air-Sea Service Srl,"Via Vespucci, 5",,"Peschiera Borromeo, 20068",Italy,+390255302855,IT02307960159,2017-06-09,,,T.A.S,info@tass.it,HO,I
IT,3847020,0016,OIA Global S.R.L,VIA UGO FOSCOLO 4,,20121 MILANO,Italy,+390287343445,IT08878740961,2017-05-25,,,OIAGL,italy@oiaglobal.com,HO,I
IT,3847022,0014,CENTRO SERVIZI DERNA S.R.L.,LUNGOMARE GIUSEPPE CANEPA ,,16149 GENOVA,ITALY,+390106570919,IT03530580103,,,,CENTR,lfortino@gruppospinelli.com,HO,I
IT,3847024,0012,TRANSPORT MANAGEMENT SRL,VIA LIGURIA 14,,20068 PESCHIERA BORROMEO ,ITALY,+390255376201,IT05091100965,2017-11-27,,,TRANS,info@transportmanagement.it,HO,I
IT,3847025,0011,MINT ITALIA SRL,PIAZZALE DONATELLO 2,,FIRENZE 50132,ITALY,+390552480869,IT01869070472,2017-12-05,,,MINT ,acoppola@mintitalia.com,HO,I
IT,3847026,0010,Agility Logistics SRL,Strada Vecchia Paullese 5/A,,20090  Pantigliate      MI,Italy,+39 0226905400,IT02259080238 CODICE FISCALE 01936650124,,,,GEOLO,lzanini@agilitylogistics.com,HO,I
IT,3847026,0065,Agility Logistics SRL,"Interport Tangenziale Sud  20,500",,10040  Rivalta Torino       TO,Italy,+39 0113975633,IT02259080238 CODICE FISCALE 01936650124,,,,GEOLO,lzanini@agilitylogistics.com ,BR,I
IT,3847026,0076,Agility Logistics SRL,Via Germania 21,,37136  Verona,Italy,+39 0458290811,IT02259080238 CODICE FISCALE 01936650124,,,,GEOLO,lzanini@agilitylogistics.com ,BR,I
IT,3847027,0016,Dale Silvio Srl,"Via Bruno Buozzi , 14 Zona Ind.",,25125  Brescia ,Italy,+39 0303582281,IT01063110173 CODICE FISCALE 01063110173,,,,DALE ,sergio.dale@dale.it,HO,I
IT,3847028,0015,DHL Global Forwarding (Italy) SpA,"Via delle Industrie, 1 ",,20060 Pozzuolo Martesana (Milan) ,Italy,+39 02952521,IT00754800159 CODICE FISCALE 00754800159,,,,DHL,manuela.minezzi@dhl.com,HO,I
IT,3847028,0030,DHL Global Forwarding (Italy) SPA,"Interporto Roma-Fiumicino, Via Corona Boreale SNC",,00054 Fiumicino CRM,Italy,+39 66504311,IT00754800159 CODICE FISCALE 00754800159,,,,DHL,marco.bazzurro@dhl.com,BR,I
IT,3847028,0041,DHL Global Forwarding (Italy) SPA,Via Enrico Fermi 6 ,,37135  Verona,Italy,+39 0458261211,IT00754800159 CODICE FISCALE 00754800159,,,,DHL,nicola.perbellini@dhl.com,BR,I
IT,3847028,0052,DHL Global Forwarding (Italy) SPA,Via Divisione Folgore  44,,36100 Vicenza,Italy,+39 0444 933811,IT00754800159 CODICE FISCALE 00754800159,,,,DHL,andrea.toniolo@dhl.com,BR,I
IT,3847028,0063,DHL Global Forwarding (Italy) SPA,Via Paolo Borsellino 125B,,80025 Casandrino   NA,Italy,+39 0815844640,IT00754800159 CODICE FISCALE 00754800159,,,,DHL,francesco.boccanera@dhl.com,BR,I
IT,3847028,0085,DHL Global Forwarding (Italy) SPA,Via Erbosa 3/A,,47030 Gatteo                FC,Italy,+39 0541804611,IT00754800159 CODICE FISCALE 00754800159,,,,DHL,norberto.dellarocca@dhl.com,BR,I
IT,3847028,0096,DHL Global Forwarding (Italy) SPA,Interporto Blocco  6/2,,40010  Interporto Bologna,Italy,+39 051665801,IT00754800159 CODICE FISCALE 00754800159,,,,DHL,roberto.meriggioli@dhl.com,BR,I
IT,3847028,0144,DHL Global Forwarding (Italy) SPA,Via Ponte all'Asse 12,,50019  Sesto Fiorentino      FI,Italy,+39 05523861,IT00754800159 CODICE FISCALE 00754800159,,,,DHL,piero.cioni@dhl.com,BR,I
IT,3847028,0170,DHL Global Forwarding (Italy) SPA,Strada del Francese  152/8,,10100  Torino,Italy,+39 0115679611,IT00754800159 CODICE FISCALE 00754800159,,,,DHL,lugi.forte@dhl.com,BR,I
IT,3847028,0181,DHL Global Forwarding (Italy) SPA,Piazzale delle Nazioni  92,,41011  Campogalliano      MO,Italy,+39 059 852911,IT00754800159 CODICE FISCALE 00754800159,,,,DHL,emanuele.bestetti@dhl.com,BR,I
IT,3847028,0203,DHL Global Forwarding (Italy) SPA,VIA GIOVANNI PASCOLI 45,,QUARTO D'ALTINO 30020,Italy,+3904221880121,IT00754800159 CODICE FISCALE 00754800159,,,,DHL,stefano.capitanio@dhl.com,BR,I
IT,3847028,0236,DHL Global Forwarding (Italy) SPA,"Via Gobetti snc - Zona Ind. ""A""",,62012 - Civitanova Marche,Italy,+390733803941,IT00754800159,2017-12-06,,,DHL G,leonardo.baiocco@dhl.com,BR,I
IT,3847029,0014,WORLD COURIER ITALIA SRL,VIA GADAMES 132,,20151 MILANO,ITALY,+393666568733,IT04372620155,2018-01-08,,,WORLD,mxpops@worldcourier.it,HO,I
IT,3847030,0013,EURO ITALIAN FREIGHT SYSTEMS SRL,VIA CASSANESE 224,, 20090          SEGRATE,italy,+39029889681,IT06882180158,2018-03-02,,,EURO ,enzo.degliuomini@euroitalianfreight.it,HO,I
IT,3847031,0012,Ceva Freight Italy SRL,Via Kennedy 3 Fraz. Millepini,,20090  Rodano    MI,Italy,+39 0295953215,IT01993710159 CODICE FISCALE 01993710159,,,,EGL E,tiziana.tosini@cevalogistics.com,HO,I
IT,3847031,0023,Ceva Freight Italy SRL,"Via Inghilterra 16, Blocco D4, Zona Industriale",,35127 Padova,Italy,+390497623422,IT01993710159CODICE FISCALE 01993710159,2005-04-01,,,EGL E,tiziana.tosini@cevalogistics.com,BR,I
IT,3847031,0034,Ceva Freight Italy SRL,Via Aldo Quarantotti 50 B,,00054  Fiumicino             RM,Italy,+39 0665024044,IT01993710159 CODICE FISCALE 01993710159,,,,EGL E,tiziana.tosini@cevalogistics.com,BR,I
IT,3847031,0045,Ceva Freight Italy SRL,Aerostaz. Merci Pal. Sped. 1ø Piano,,10072  Aeroporto Caselle TO,Italy,+39 0115678151,IT01993710159 CODICE FISCALE 01993710159,,,,EGL E,tiziana.tosini@cevalogistics.com,BR,I
IT,3847035,0015,FERT SPEDIZIONI INTERNAZIONALI S.R.L. a socio unico,"VIA ACHILLE GRANDI 22/B, Z.Ile ",,25125  Brescia,Italy,+390302687118,IT01020020176 CODICE FISCALE 01020020176,,,,FERT,enriotti.matteo@fertspedizioni.it,HO,I
IT,3847036,0014,Filacchioni e Pietraforte SaS,Via Enrico Berlinguer 18 / 20,,00054  Fiumicino           RM,Italy,+39 066582636,IT00879431005 CODICE FISCALE 00397030586,,,,FILAC,filacchioni1@iol.it,HO,I
IT,3847038,0012,Ormesani srl,Via  Pascoli 42/N,,30020 Quarto d'Altino,Italy,+39 0412695611,IT02061320277 CODICE FISCALE 02061320277,,,,ORMES,amministrazione@ormesani.it,HO,I
IT,3847038,0023,ORMESANI SRL,"LEONARDO DA VINCI AIRPORT,CARGO CITY 2P",LEONARDO DA VINCI AIRPORT CARGO CITY 2P,FIUMICINO,ITALY,+390665953367,IT02061320277,2019-03-05,,,ormes,rome@ormesani.it,BR,I
IT,3847038,0034,ORMESANI SRL,VIA LONDRA 7/9,VIA LONDRA 7/9,SEGRATE,ITALY,+390284980122,IT02061320277,2019-03-05,,,ORMES,milan@ormesani.it,BR,I
IT,3847039,0011,Fracassi Worldwide Shipping Srl,Via S Spirito 11,,50125  Firenze ,Italy,+39 055289340,IT05110310488 CODICE FISCALE 05110310488,,,,FRACA,fracassi@fracassishipping.com,HO,I
IT,3847040,0010,ERIXMAR SRL,VIA GIUSEPPE DI VITTORIO 1,VIA GIUSEPPE DI VITTORIO 1,LISCATE,Italy,+390382617150,IT02831550104,2018-05-11,,,erixm,d.tafuro@erixmar.com,HO,I
IT,3847041,0016,Air Sea Service s.r.l.,VIA SERPENTE 93,,BRESCIA,ITALY,+390302680731,IT01939940175,2018-06-28,,,Air S,airsea@airseaservice.it,HO,I
IT,3847043,0014,Lanza International srl,Via De Marini 1,Via De Marini 1,GENOVA 16149,ITALY,+390106444745,IT03565600107,2018-08-06,,,Lanza,vavogadro@lanzainternational.com,HO,I
IT,3847044,0013,Interjet Transport Srl,Via Ugo Foscolo 4,,20100  Milano,Italy,+39 027256641,IT07712800155 CODICE FISCALE 07712800155,,,,INTER,newcharter@newcharter.com,HO,I
IT,3847045,0012,Intertransport Srl,VIA Milano 162 F/R,,16126 Genova,Italy,+39 010 5355541,IT01281520104 CODICE FISCALE 01281520104,,,,INTER,matteo.castellari@intertransport.it,HO,I
IT,3847045,0023,Intertransport Srl,Via Privata Oto 3,,19135 La Spezia ,Italy,+39 0187506409,IT01281520104 CODICE FISCALE 01281520104,2005-04-01,,,INTER,matteo.castellari@intertransport.it,BR,I
IT,3847048,0016,FEMAR SERVIZI SPECIALI SRL,"ZONA INDUSTRIALE, XV STRADA, NR. 28",,CATANIA,ITALY,+390957139132,IT04636520878,2018-09-01,,,FEMAR,servizispeciali@femar.it,HO,I
IT,3847049,0015,Kuehne Nagel Srl con Unico Socio,VIA MARCO FABIO QUINTILIANO 49/A,, MILANO,20138 Italy,+390250670730,IT02656660962 CODICE FISCALE 09718030159,,,,KUEHN,riccardo.maffucci@kuehne-nagel.com,HO,I
IT,3847049,0026,Kuehne Nagel Srl con Unico Socio,Via della Montagnola 91 /A,,60100  Ancona,Italy,+39 0712867457,IT02656660962 CODICE FISCALE 09718030159,,,,KUEHN,erates.it@kuehne-nagel.com,BR,I
IT,3847049,0041,Kuehne Nagel Srl con Unico Socio,"Via Corona Boreale , 86 Pal. D  2 Piano",,00054  Fiumicino             RM,Italy,+39 066500 571,IT02656660962 CODICE FISCALE 09718030159,,,,KUEHN,erates.it@kuehne-nagel.com,BR,I
IT,3847049,0052,Kuehne Nagel Srl con Unico Socio,Via S. Piero A  Quaracchi 256,,50124  Firenze ,Italy,+39 055459961,IT02656660962 CODICE FISCALE 09718030159,,,,KUEHN,erates.it@kuehne-nagel.com,BR,I
IT,3847049,0063,KUEHNE + NAGEL SRL CON UNICO SOCIO,VIA DEL GREGGE 100,,LONATE POZZOLO,Italy,+390331666207,IT02656660962,2018-03-14,,,KUEHN,Cristiano.Beccari@kuehne-nagel.com,BR,I
IT,3847049,0074,Kuehne Nagel Srl con Unico Socio,Interporto Blocco 1.3 1ø Piano,,40010  Interporto Bologna,Italy,+39 0422360004,IT02656660962 CODICE FISCALE 09718030159,,,,KUEHN,erates.it@kuehne-nagel.com,BR,I
IT,3847049,0096,Kuehne Nagel Srl con Unico Socio,"Interp.Quadrante Europa V.Sommacampagna ,61",,37137 Verona,Italy,+39 0458624740,IT02656660962 CODICE FISCALE 09718030159,,,,KUNA,erates.it@kuehne-nagel.com,BR,I
IT,3847050,0014,AIR SEA MALL SRL,"VIA MARIO CASTOLDI 1, UFF. 23/24",,FIUMICINO AEROPORTO     RM,ITALY,+39 066650181,IT08033941009 CODICE FISCALE 08033941009,,,,AIR S,lauracancelli@asmcargo.it,HO,I
IT,3847050,0036,AIR SEA MALL SRL,VIA LONDRA 22,,20090  SEGRATE              MI,ITALY,+39 02269504291,IT08033941009 CODICE FISCALE 08033941009,,,,AIR S,lauracancelli@asmcargo.it,BR,I
IT,3847052,0012,MARCHESI FRATELLI SRL,CSO TORINO 95   PO BOX 109,,27029  VIGEVANO             PV,ITALY,+39 0381329640,IT00172970188 CODICE FISCALE 00172970188,,,,MARCH,marchesi@marchesifratelli.com,HO,I
IT,3847053,0011,MEDOV LOGISTICS,VIA ANGELO SCARSELLINI 1,VIA ANGELO SCARSELLINI 1,GENOVA ,ITALY,+390105490369,IT02314890993,2018-09-20,,,MEDOV,tea.papaianni@medovlog.com,HO,I
IT,3847054,0010,GEFCO ITALIA SPA,VIA PER VANZAGO S.P. 172 KM 10,,20010  PREGNANA MILANESE    MI,ITALY,+39 0293270232,IT08983530158 CODICE FISCALE 08983530158,,,,GEFCO,sabrina.leoni@gefco.net ,HO,I
IT,3847054,0043,GEFCO ITALIA SPA,VIA DEL PRATIGNONE 69,,50041  CALENZANO            FI,ITALY,+39 055886711,IT08983530158 CODICE FISCALE 08983530158,,,,GEFCO,sabrina.leoni@gefco.net ,BR,I
IT,3847054,0065,GEFCO ITALIA SPA,CORSO TARANTO 101,,10154  TORINO               TO,ITALY,+39 0112413811,IT08983530158 CODICE FISCALE 08983530158,,,,GEFCO,sabrina.leoni@gefco.net,BR,I
IT,3847055,0016,AA&S Srl,VIA LONDRA 1/3,VIA LONDRA 1/3,SEGRATE,ITALY,+390283534271,IT02816000349,2018-10-01,,,AA&S ,davide.neletti@aas-shipping.com,HO,I
IT,3847056,0015,GENERAL NOLI SPEDIZIONI INTERNAZIONALI SPA,VIA CRISPO SALLUSTIO 3,,MODENA 41123,ITALY,+39059380338,IT00857470363,2018-09-13,,,GENER,info@generalnoli.com,HO,I
IT,3847057,0014,TIEFFE GROUP SRL,VIA ADRIANO GOZZINI 5,,PISA 56121,ITALIA,+390236692333,IT01716160492,2018-09-13,,,TIEFF,lorenzo@tieffe-group.it,HO,I
IT,3847058,0013,ISS Global Forwarding Italy Spa,"Via Chiaravalle, 7","Via Chiaravalle, 7",Milano,Italy,003905861736442,IT10484950968,2019-03-22,,,Titan,fbartoli@titanproject.net,HO,I
IT,3847059,0012,MONAVA TRASPORTI INT.LI SPA,VLE EUROPA 57,,21010  CARDANO AL CAMPO     VA,ITALY,+39 0331261621,IT00823460126 CODICE FISCALE 00777130154,,,,MONAV,coletti@monava.it,HO,I
IT,3847060,0011,O.T.I.M. SPA,VIA PORRO LAMBERTENGHI 9,,20159  MILANO               MI,ITALY,+39 02699121,IT00744840158 CODICE FISCALE 00744840158,,,,O.T.I,otim@otim.it,HO,I
IT,3847061,0010,Panalpina Trasporti Mondiali SPA,"Via Luigi Zerbi 75/77, Localita Cantalupo",,20023 Cerro Maggiore     MI,Italy,+39033153071,IT00745260158 CODICE FISCALE 00745260158,,,,PANAL,massimo.nadin@panalpina.com,HO,I
IT,3847061,0021,Panalpina Trasporti Mondiali SPA,VIA DEL PRATIGNONE 38,,50041  CALENZANO,Italy,+3905532281,IT00745260158 CODICE FISCALE 00745260158,,,,PANAL,luca.mannocci@panalpina.com,BR,I
IT,3847061,0054,Panalpina Trasporti Mondiali SPA,"Interporto, Comparto 6, Blocco 2",,40010  Bentivoglio          BO,Italy,+390516656711,IT00745260158 CODICE FISCALE 00745260158,,,,PANAL,alessandro.pozzi@panalpina.com,BR,I
IT,3847061,0065,PANALPINA TRASP. MONDIALI SPA,AEROSTAZIONE MERCI 333 2° P. CARGO CITY APT,,00054 FIUMICINO       RM,ITALY,+390665075799,IT00745260158 FISCAL CODE 00745260158,,,,PANAL,david.mucci@panalpina.com,BR,I
IT,3847061,0076,PANALPINA TRASPORTI MONDIALI SPA,VIA LUIGI ZERBI 75/77,VIA LUIGI ZERBI 75/77,CERRO MAGGIORE 20023,Italy,+39033153071,IT00745260158,2018-03-23,,,PANAL,elisabetta.cattivera@panalpina.com,BR,I
IT,3847061,0080,PANALPINA TRASPORTI MONDIALI SPA,"Via Corsica, 19/9",,GENOVA 16128,Italy,+39010550801,IT00745260158,2018-08-11,,,PANAL,air-export.GOA@panalpina.com,BR,I
IT,3847061,6004,Panalpina Trasporti Mondiali SPA,Via Mercato Nuovo 44 G,,36100  Vicenza (VI),Italy,+39044423891,IT00745260158,2012-04-01,,,PANAL,marco.peloso@panalpina.com,BR,I
IT,3847062,0031,Francesco Parisi Casa Di Spedizioni SPA,Via Londra 46/48/50,,20090  SEGRATE,Italy,+39 0292393312,IT00521770321 CODICE FISCALE 00521770321,2007-01-01,,,FRANC,airexport.milan@francescoparisi.com,HO,I
IT,3847063,0015,GRUPPO ESSEBI SRL,VIA GIUSEPPE DI VITTORIO 26,,PESCHIERA BORROMEO 20068,Italy,+390236560280,IT09974700966,2018-12-18,,,GRUPP,silvia.b@gruppoessebi.it,HO,I
IT,3847065,0013,Hitachi Transport System (Europe) BV,VIA TOMMASO GULLI 39,VIA TICINO 4,MILANO,Italy,+390321038539,IT05285800966,2019-05-02,,,Hitac,alberto.garavaglia@hitachitransport-eu.com,HO,I
IT,3847066,0012,WELTRA TRASPORTI INTERNAZIONALI SPA,VIA XX SETTEMBRE 28/4,,GENOVA 16121,ITALY,0104610544,IT00246620108,2019-06-25,,,WELTR,e.barbaro@weltra.it,HO, 
IT,3847067,0011,Prisma Logistics SpA,Via Sommacampagna 63/C,,Verona,Italy,+390459216626,IT04136980234,2019-05-03,,,PRISM,aircargo@prismalogistics.net,HO,I
IT,3847068,0010,BARTH ITALIANA SRL,"VIA VOIRON, 12",,36061  BASSANO DEL GRAPPA   VI,ITALY,+39  04248841,IT00596780247 CODICE FISCALE 00596780247,,,,BARTH,info@barthitaliana.com,HO,I
IT,3847069,0016,GAST SPEDIZIONI SRL,MURA S.CHIARA 1,MURA S.CHIARA 1,GENOVA,Italy,+390105999683,IT12601880151,2019-05-02,,,GAST,air@gastgroup.it,HO,I
IT,3847070,0015,SETOA ITALIA SPA,VIA DEL CONCILIO 5 ,VIA DEL OCNCILIO 5,LISSONE,ITALIA,+390399686500,IT02721800965,2019-05-28,,,SETOA,adivito@setoa.it,HO,I
IT,3847071,0036,SACI DI DR.CARLO E ENRICO MARNATI & C.SAS,Via Aldo Quarantotti 50/B,,00054  FIUMICINO            RM,ITALY,+39 0665029972,IT02199400124 CODICE FISCALE 02199400124,,,,SACI,Roberto@sacisas.it,HO,I
IT,3847072,0190,DSV SPA,VIA DANTE 132/134,,20096  LIMITO PIOLTELLO     MI,ITALY,+39 0292134257,IT00891230153 CODICE FISCALE 00891230153,,,,DSVDS,paolo.boschetti@it.dsv.com,HO,I
IT,3847072,0212,DSV SPA,LARGO FORLANINI 1,,00050  AEROP.FIUMICINO      RM,ITALY,+39 0665010331,IT00891230153 CODICE FISCALE 00891230153,,,,SAIMA,paolo.boschetti@it.dsv.com,BR,I
IT,3847073,0012,GTS GENERAL TRANSPORT SERVICE SPA,VIA SASHA MUCIACCIA 1			,VIA SASHA MUCIACCIA 1,BARI,ITALY,+390805820438,IT04085340729,2019-06-13,,,GRS,milena.calabrese@gtslogistic.com,HO,I
IT,3847074,0011,FRATELLI SALVADORI SARL,VIA PIETRAMELLARA 11,,40121  BOLOGNA              BO,ITALY,+39 051557765,IT00283680379 CODICE FISCALE 00283680379,,,,FRATE,tommaso@salvadoribros.it,HO,I
IT,3847076,0016,AIDA SRL,"VIA PORTUENSE 1555, COMMERCITY N-28 ",,00148  ROMA                 RM,ITALY,+39 06 5529691,IT00883031007 CODICE FISCALE 00404470585,,,,AIDA,amambor@aidaglobal.it,HO,I
IT,3847078,0014,BOCCANERA & PERAZZOLI SNC,AEROPORTO FIUMICINO,,00054  FIUMICINO            RM,ITALY,+39 0665011591,IT00915541007 CODICE FISCALE 00597820588,,,,BOCCA,info@boccaneraperazzoli.com,HO,I
IT,3847079,0013,United Parcel Service Italia SRL,Via Fantoli 15/2,,20138 Milan,Italy,+39 0655 1861,IT08537690151 CODICE FISCALE 08537690151,,,,UNITE,ita1pia@europe.ups.com,HO,I
IT,3847079,0035,United Parcel Service Italia SRL,Via Della Magliana 366/368,,00148  Roma                 RM,Italy,+39 06551861,IT08537690151 CODICE FISCALE 08537690151,,,,UNITE,ita1axg@europe.ups.com,BR,I
IT,3847080,0012,SAVINO DEL BENE SPA,VIA DEL BOTTEGHINO 24/26,,50018  LOC.OLMO SCANDICCI   FI,ITALY,+39 05572901,IT05300610481 CODICE FISCALE 05300610481,,,,SAVIN,bazzurro.sergio@firenze.sdb.it,HO,I
IT,3847080,0023,SAVINO DEL BENE SPA,VICO 2ø SAN NICOLA ALLA DOGANA 9,,80133  NAPOLI               NA,ITALY,+39 0814971701,IT05300610481 CODICE FISCALE 05300610481,,,,SAVIN,settimj.adele@napoli.sdb.it,BR,I
IT,3847080,0034,SAVINO DEL BENE SPA,"VIA CUNEO, 18",,20090  REDECESIO SEGRATE    MI,ITALY,+39 02216651,IT05300610481 CODICE FISCALE 05300610481,,,,SAVIN,diteodoro.liliana@sdb.it,BR,I
IT,3847080,0045,SAVINO DEL BENE SPA,CONTRADA MAGGIOLA 1,,62010  MONTECOSARO SCALO    MC,ITALY,+39 073386461,IT05300610481 CODICE FISCALE 05300610481,,,,SAVIN,ghelardini.simone@sdb.it,BR,I
IT,3847080,0056,SAVINO DEL BENE SPA,PALAZZINA MERCI AEROPORTO G.GALILEI,,56121  PISA                 PI,ITALY,+39 05040576,IT05300610481 CODICE FISCALE 05300610481,,,,SAVIN,mazzanti.roberto@sdb.it,BR,I
IT,3847080,0060,SAVINO DEL BENE SPA,Via Chico Mendes 13 Località Ponte a Egola,,56028 San Miniato (PI),ITALY,+39 0571366660,IT05300610481 CODICE FISCALE 05300610481,,,,SAVIN,carlotti.marco@sdb.it,BR,I
IT,3847080,0082,SAVINO DEL BENE SPA,VIA DELLA SIDERURGIA 97/99,,36100  VICENZA              VI,ITALY,+39 0444343811,IT05300610481 CODICE FISCALE 05300610481,,,,SAVIN,tadiotto.claudia@sdb.it,BR,I
IT,3847080,0104,SAVINO DEL BENE SPA,"VIA SOMMACAMPAGNA 63 H, PIANO VI, SCALA D",,37137  VERONA               VR,ITALY,+39 0458626611,IT05300610481 CODICE FISCALE 05300610481,,,,SAVIN,verona@savinodelbene.com,BR,I
IT,3847080,0115,SAVINO DEL BENE SPA,"VIALE FELISSENT, 82/A",,31100  TREVISO              TV,ITALY,+39 0422266911,IT05300610481 CODICE FISCALE 05300610481,,,,SAVIN,parenzan.gabriele@treviso.sdb.it,BR,I
IT,3847080,0130,SAVINO DEL BENE SPA,STRADA CEBROSA 86/A,,10156 TORINO,ITALY,+39 0112972000,IT05300610481 CODICE FISCALE 05300610481,,,,SAVIN,meneghini.alessandra@sdb.it,BR,I
IT,3847080,0152,SAVINO DEL BENE SPA,VIA DEL PASSATORE 65,,41011 CAMPOGALLIANO             MO,ITALY,+39 0595229800,IT05300610481 CODICE FISCALE 05300610481,,,,SAVIN,Calanca.bruno@modena.sdb.it,BR,I
IT,3847080,0163,SAVINO DEL BENE SPA,Viale Alexandre Gustave Eiffel 15,,"Rome, 00148",Italy,+390654270722,IT05300610481,2020-03-12,,,SAVIN,francesco.petrucci@savinodelbene.com,BR,I
IT,3847081,0011,Schenker Italiana SPA,Via Fratelli Bandiera 29,,20068  Peschiera Borromeo     MI,Italy,+39 02516661,IT00916900152 CODICE FISCALE 00916900152,,,,SCHEN,maurizio.aliprandi@dbschenker.com,HO,I
IT,3847081,0022,Schenker Italiana SPA,COMPARTO 13 BLOCCO 1 (13.1),,40010  INTERPORTO BOLOGNA,Italy,+39 0516655911,IT00916900152 CODICE FISCALE 00916900152,,,,SCHEN,ivano.cristi@schenkerit.com ,BR,I
IT,3847081,0033,Schenker Italiana SPA,"Prima Strada no 8, Interporto SI. TO",,10043  Orbassano            TO,Italy,+39 0113981311,IT00916900152 CODICE FISCALE 00916900152,,,,SCHEN,,BR,I
IT,3847081,0044,Schenker Italiana SPA,VIA ARDEATINA 2491,,00134 SANTA PALOMBA,Italy,+39 06602121,IT00916900152 CODICE FISCALE 00916900152,,,,SCHEN,antonella.gallo@schenkerit.com,BR,I
IT,3847081,0055,Schenker Italiana SPA,Via Oderzo 21,,33100 Udine         UD,Italy,+39 0432529622,IT00916900152 CODICE FISCALE 00916900152,,,,SCHEN,sabrina.pravisano@schenkerit.com,BR,I
IT,3847081,0066,Schenker Italiana SPA,Via Dei Gonfienti - Interporto,,59100 Prato     PO,Italy,+39 05745991,IT00916900152 CODICE FISCALE 00916900152,,,,SCHEN,adriana.seminara@schenkerit.com,BR,I
IT,3847081,0070,Schenker Italiana SPA,Corso Spagna 17,,35127 Padova Interporto     PD,Italy,+39 0498994867,IT00916900152 CODICE FISCALE 00916900152,,,,SCHEN,catia.benedetti@schenkerit.com,BR,I
IT,3847081,0081,Schenker Italiana SPA,VIA LONDRA 10,,INTERPORTO CEPIM 43010,Italy,+390521364014,IT00916900152 CODICE FISCALE 00916900152,,,,SCHEN,gianluca.romersa@dbschenker.com,BR,I
IT,3847081,0103,Schenker Italiana SPA,VIA DE MARINI 1 TORRE WTC,,SAMPIERDARENA 16149,Italy,+390106598450,IT00916900152 CODICE FISCALE 00916900152,,,,SCHEN,luca.zuppardo@schenkerit.com,BR,I
IT,3847081,0125,Schenker Italiana SPA,"VIA PAPA GIOVANNI XXIII,97",,13882 CERRIONE BIELLA,Italy,+39015258241,IT00916900152 CODICE FISCALE 00916900152,,,,SCHEN,maurizio.gaida@dbschenker.com,BR,I
IT,3847081,0136,Schenker Italiana SPA,VIA DELLA MADONNA 7/A,,LALLIO 24040,Italy,+39 0354234621,IT00916900152 CODICE FISCALE 00916900152,,,,SCHEN,giuseppe.facheris@schenkerit.com,BR,I
IT,3847081,0140,Schenker Italiana SPA,VIA BOSCOFANGONE - LOTTO A/CIV.BA1,,INTERPORTO DI NOLA 80035,Italy,+39 0823404001,IT00916900152 CODICE FISCALE 00916900152,,,,SCHEN,oreste.sepe@schenkerit.com,BR,I
IT,3847081,0151,Schenker Italiana SPA,Via XXV Aprile 73/C,,22070 Guanzate                 CO,Italy,+39 0313527960,IT00916900152 CODICE FISCALE 00916900152,,,,SCHEN,maurizio.cattaneo@schenkerit.com,BR,I
IT,3847082,0010,Endesa srl,VIA SAVOIA 78,,ROMA,ITALY,+390687160025,IT14692041008,2019-12-06,,,Endes,info@dvaexpress.it,HO, 
IT,3847083,0016,THRUEX SRL,VIA MONZESE 34,VIA MONZESE 34 ,VIGNATE,ITALY,00390295345383,IT05426280961,2019-07-09,,,thrue,vittorio.romano@thruex.com,HO,I
IT,3847084,0015,AEROTRASPORTI SRL,VIA E. AMARI 36,,90139  PALERMO              PA,ITALY,+39 091588722,IT00332380823 CODICE FISCALE 00332380823,,,,AEROT,info@aereotrasporti.it,HO,I
IT,3847087,0012,Cesped SPA,"Viale Grado 34, Lauzaco ",,33050 Udine,Italy,+39 0432659913,IT01118200300,,,,CESP,info@cesped.it,HO,I
IT,3847087,0056,Cesped SPA,Viale Grado N.134,,33050 Lauzacco,ITALY,+39 0432659911,IT01118200300,,,,CESPE,lzuccolo@cesped.it,BR,I
IT,3847088,0011,TRANSAVIA SRL,VIA DANTE 97/B,,20090  LIMITO DI PIOLTELLO  MI,ITALY,+39 029291141,IT05861870151 CODICE FISCALE 05861870151,,,,TRANS,efrasso@transavia.it,HO,I
IT,3847090,0016,FERRARI SPA,VIA SAN GIOVANNI BOSCO 10,,15100  ALESSANDRIA          AL,ITALY,+39 0131208520,IT00281310060 CODICE FISCALE 00281310060,,,,FERRA,patrizia.nucera@ferrarigroup.net,HO,I
IT,3847091,0015,SMET SPA,VIA TIBERIO CLAUDIO FELICE N. 48,VIA TIBERIO CLAUDIO FELICE N. 48,SALERNO,ITALY,+390805389352,IT00316190651,2019-11-19,,,SMET ,dicugno@smet.it,HO, 
IT,3847092,0014,VICENZASPED INTERNATIONAL AGENCY SRL,VIA ROSSATO 20/22,,36100  VICENZA              VI,ITALY,+39 0444300588,IT01279080244 CODICE FISCALE 01279080244,,,,VICEN,patrizia@vicenzasped.com,HO,I
IT,3847093,0013,VIO & C. SRL,VIA PALESTRO 2,,20052  MONZA                MI,ITALY,+39 0392366317,IT00691210967 CODICE FISCALE 00763870151,,,,VIO &,pierangela.parazzini@viocomonza.it,HO,I
IT,3847094,0012,A Class Worldwide Srl,"Via Marie Curie, 2",,Bolzano 39100,Italy,0293148200,IT02924710219,2019-09-04,,,A Cla,anntonio.bucci@aclassworldwide.com,HO, 
IT,3847095,0011,Geodis FF Italia S.p.A,VIA GORIZIA 1/C,,20096 PIOLTELLO,ITALY,+39 0292791411,IT02955970963 CODICE FISCALE 01930000367,,,,GEODI,emanuele.cavalleri@geodis.com ,HO,I
IT,3847095,0033,GEODIS WILSON ITALIA SPA,STRADA DEL DROSSO N 49,,10135  TORINO    TO,ITALY,+39 0116899111,IT02955970963 CODICE FISCALE 01930000367,,,,GEODI,laura.ignoffo@geodis.com,BR,I
IT,3847095,0044,GEODIS WILSON ITALIA SPA,VIA RETRONE 62/64,,36077 ALTAVILLA VICENTINA            VI,ITALY,+39 0444523811,IT02955970963 CODICE FISCALE 01930000367,,,,GEODI,franco.lazzarin@geodis.com,BR,I
IT,3847095,0055,GEODIS WILSON ITALIA SPA,VIA A. CANTORE 8/H,,16149  SAMPIERDARENA GE     GE,ITALY,+39 01041071,IT02955970963 CODICE FISCALE 01930000367,,,,GEODI,berzaghi@zust.it,BR,I
IT,3847095,0066,GEODIS WILSON ITALIA SPA,LOCALITA INTERPORTO,BLOCCO 4.4,BENTIVOGLIO 40010,ITALY,+390516461411,IT02955970963 CODICE FISCALE 01930000367,,,,GEODI,marina.mattiazzo@geodis.com,BR,I
IT,3847095,0070,GEODIS WILSON ITALIA SPA,CENTRO DIREZIONALE INTERPORTO,VIA DI GONFIENTI 4/9,59100 PRATO,ITALY,+39 0558826585,IT02955970963 CODICE FISCALE 01930000367,,,,GEODI,roberto.spanio@geodis.com,BR,I
IT,3847095,0081,GEODIS WILSON ITALIA SPA,VIA 1º MAGGIO 150,,60131  ANCONA  AN,ITALY,+39 0712906851,IT02955970963 CODICE FISCALE 01930000367,,,,GEODI,silvia.febo-pazienti@geodis.com,BR,I
IT,3847095,0092,GEODIS WILSON ITALIA SPA,SPAVIA SALARIA 1259-1265,,00138  ROMA                 RM,ITALY,+39 0688520200,IT02955970963 CODICE FISCALE 01930000367,,,,GEODI,geogia.rinaldi@geodis.com,BR,I
IT,3847097,0016,MITAmbiente srl,"Via Benaco, 9","Via Benaco, 9",San Giuliano Milanese,Italy,+390289297702,IT06317870969,2020-03-26,,,MITA,roberto.vespa@mitambiente.it,HO,I
IT,3847098,0015,A. HARTRODT ITALIANA SRL,VIA MARTIRI DI CEFALONIA 16,,20090 SEGRATE MI,ITALY,+39 01 024971,IT00261770101 CODICE FISCALE 00261770101,,,,A. HA,info.goa@hartdrodt.com,HO,I
IT,3847101,0012,VECTOR SPA,VIA REDIPUGLIA 7,,21053  CASTELLANZA          VA,ITALY,+39 0331446000,IT00698060126 CODICE FISCALE 00698060126,,,,VECTO,amministrazione@vectorspa.it,HO,I
IT,3847102,0022,ADRIATIC AIR CARGO SRL,VIA G. DI VITTORIO 21/B2 ,,40013  CASTEL MAGGIORE      BO,ITALY,+39 0517092211,IT00706500402 CODICE FISCALE 00706500402,,,,ADRIA,info@adriaticargo.com,HO,I
IT,3847105,0015,ALBERTO FERRI SRL ,VIA ISAAC NEWTON 6 MONTEROTONDO,,00015  ROMA                 RM,ITALY,+39 064121131,IT01616241004 CODICE FISCALE 06782490582,,,,ALBER,marcoferri@albertoferri.it,HO,I
IT,3847108,0012,ARABITAL ITALIA SPA,VIA CAMPANIA 5,,20090   REDECESIO DI SEGRATE            MI,ITALY,+39 022187871,IT09608710159 CODICE FISCALE 09608710159,,2020-04-30,2020-03-13,ARABI,francesco.gariboldi@arabital.com,HO,I
IT,3847109,0011,SPEED TRANSPORT SERVICE ITALIANA SRL,VIA DON MINZONI 13,,20158  ZONA BOVISA MILANO   MI,ITALY,+39 02376761,IT04686300155 CODICE FISCALE 04686300155,,,,SPEED,amministrazione@speedtransport.it,HO,I
IT,3847112,0015,Mainfreight Italy srl,VIA CASSANESE 224,VIA CASSANESE 224,SEGRATE,ITALY,+393440164610,IT09984690967,2020-07-01,,,MAIN,giorgio.mongeri@it.mainfreight.com,HO,I
IT,3847113,0014,GAVA INT.FREIGHT CONSOLIDATORS SPA,VIA LODI 23 LOC. S. PEDRINO,,20060  VIGNATE              MI,ITALY,+39 02950981,IT04603190150 CODICE FISCALE 04603190150,,,,GAVA,carlodevecchi@gavagroup.com,HO,I
IT,3847115,0012,GRUBER Logistics SpA,"VIA GIORGIO AMENDOLA 3, Paderno Dugnano",,Milano 20037,Italy,390299199040,IT00520690215,2020-02-05,,,GRUBE,giovanni.mundo@gruber-logistics.com,HO, 
IT,3847116,0011,UPS SCS (ITALY) SRL T/A UPS SUPPLY CHAIN SOLUTIONS,VIA GALILEO GALILEI 5,,20068 PESCHIERA BORROMEO              MI,ITALY,+39 0232166421,IT04491840155 CODICE FISCALE 04491840155,,,,UPS S,gennaro.crisi@ups.com,HO,I
IT,3847116,0022,UPS SCS (ITALY) SRL T/A UPS SUPPLY CHAIN SOLUTIONS,Via Della Magliana 329-H,,00148 Roma,ITALY,+39 06 55186701,IT04491840155 CODICE FISCALE 04491840155,,,,UPS S,adriana.baccari@ups-scs.com,BR,I
IT,3847116,0033,UPS SCS (ITALY) SRL T/A UPS SUPPLY CHAIN SOLUTIONS,VIA SANDRO PERTINI 44,,50019  SESTO FIORENTINO     FI,ITALY,+39 0554251123,IT04491840155 CODICE FISCALE 04491840155,,,,UPS S,biagini.alessandro@ups.com,BR,I
IT,3847116,0044,UPS SCS (ITALY) SRL T/A UPS SUPPLY CHAIN SOLUTIONS,VIA TRIUNVIRATO 84/D,,40132  BOLOGNA              BO,ITALY,+39 051400582,IT04491840155 CODICE FISCALE 04491840155,,,,UPS S,joseph.kassouf@ups-scs.com,BR,I
IT,3847117,0010,Trasporti F.lli Rondi srl,VIA NAZIONALE 93,VIA GAETANO DONIZETTI 40,seriate,italy,+393454771294,IT00210640165,2020-02-14,,,Trasp,luce.life@outlook.it,HO,I
IT,3847118,0016,JET LINE SRL,VIA DEL LAVORO NO. 30,,22100  COMO                 CO,ITALY,+39 031592600,IT01275840138 CODICE FISCALE 01275840138,,,,JET L,info@jetline.it,HO,I
IT,3847119,0015,SAVITRANSPORT SPA,VIA TEVERE 2/12,,50019  OSMANNORO            FI,ITALY,+39 05530620,IT03129850487 CODICE FISCALE 03129850487,,,,SAVI,fabrizio.rossi@savitransport.it,HO,I
IT,3847119,0030,SAVITRANSPORT SPA,"VIA CUNEO, 18",,20090  REDECESIO SEGRATE    MI,ITALY,+39 0221664261,IT03129850487 CODICE FISCALE 03129850487,,,,SAVIT,safi01@savitransport.it,BR,I
IT,3847120,0014,COLUMBIA TRANSPORT SRL,"VIA GIOVANNI XXIII, 24",,20090  RODANO               MI,ITALY,+39 0295328598,IT08256590152 CODICE FISCALE 08256590152,,,,COLUM,accounting@columbiatransport.it,HO,I
IT,3847121,0013,Alberti Germano & Santi Romano S.r.l.,"via Salvo d'Acquisto, 7-9",,Cortemaggiore 29016,Italy,0523988711,info@albertiesanti.net,2020-03-09,,,Alber,info@albertiesanti.net,HO, 
IT,3847123,0011,GFC PIETRAFORTE S.R.L.,VIA ENRICO BERLINGUER 18,,FIUMICINO 00054,Italy,+390665028112,IT13683881000,2020-04-01,,,GFC P,info@gfcpietraforte.com,HO, 
IT,3847126,0015,SINERGY CARGO MANAGEMENT ITALY SRL,"Genova, Piazza della Vittoria 11a/14 16121",,Genova 16121,Italy,+393451310774,IT01633650997,2020-03-12,,,SINER,l.trojani@sinergy-italy.com,HO, 
IT,3847128,0013,EMBASSY FREIGHT SERVICES SPA,"VIA G.GASPARINI 8, SANTA VITTORIA DI GUALTIERI",,42044 REGGIO EMILIA,ITALY,+39 0522233811,IT01523940359 CODICE FISCALE 01523940359,,,,EMBAS,Carminatim@embassy.it ,HO,I
IT,3847132,0016,UNIFRET INTERNATIONAL SRL,VIALE EUROPA 59,,20090 SEGRATE (MI),ITALY,+39 0284573232,IT09015020150 CODICE FISCALE 01651520130,,,,UNIFR,info.air@vidaleinternational.com,HO,I
IT,3847132,0020,UNIFRET INTERNATIONAL SRL,VIA GIORGIO 10/A,,00054  FIUMICINO,ITALY,+39 0665047327,IT09015020150 CODICE FISCALE 01651520130,2010-11-29,,,UNIFR,germano.negro@vidaleinternational.com,BR,I
IT,3847133,0015,O.T.S. SPA,VIA MOREA SNC,,62012  CIVITANOVA MARCHE    MC,ITALY,+39 0733895806,IT00831370432 CODICE FISCALE 00831370432,,,,O.T.S,renzop@otsspa.com,HO,I
IT,3847133,0026,O.T.S. SPA,Via degli Olmi ,,50019 Sesto Fiorentino (FI) ,ITALY,+39 0558969270,IT00831370432 CODICE FISCALE 00831370432,,,,O.T.S,irenem@otsspa.com,BR,I
IT,3847133,0030,O.T.S. SPA,"Via Giorgis G., 10 ",,00054 Fiumicino (RM) ,ITALY,+39 0665011126,IT00831370432 CODICE FISCALE 00831370432,,,,O.T.S,domenicoa@otsspa.com,BR,I
IT,3847133,0041,O.T.S. SPA,"Via G. Rossa, 6 ",,20060 Truccazzano (MI) ,ITALY,+39 022169151,IT00831370432 CODICE FISCALE 00831370432,,,,O.T.S,robertoc@otsspa.com,BR,I
IT,3847134,0014,TACCHI GROUP SPA,"VIA DEL GREGGE, 220",,21015  LONATE POZZOLO       VA,ITALY,+39 0331661743,IT01218390126 CODICE FISCALE 01218390126,,,,TACCH,drabolini@tacchigroup.com,HO,I
IT,3847135,0013,CSP CARGO SRL,VIA M.CASTOLDI SNC EDIF.SPEDIZ.STANZA 18/19B,,00050  APT FIUMICINO            RM,ITALY,+39 0665011456,IT04739571000 CODICE FISCALE 01111030597,,,,CSP C,alessandra.p@cspcargo.com,HO,I
IT,3847138,0010,Spes Srl Nat. And Int. Forwarding Agent,VIA DELL' ECONOMIA 115,,36100  Vicenza      Vi,ITALY,+39 0444960655,IT00765030242 CODICE FISCALE 00765030242,,,,SPES,info@spesvicenza.it,HO,I
IT,3847140,0015,GTS GEN. TRANSPORT SYSTEM SRL,VIA DEI MARRUCINI 40,,00185  ROMA                 RM,ITALY,+39 064460240,IT01681391007 CODICE FISCALE 07082220588,,,,GTS G,gtsfco@tiscali.it,HO,I
IT,3847142,0013,LASA AIR TRANSPORT SRL,VIA VALTELLINA 20,,20159  MILANO               MI,ITALY,+39 026085811,IT04965670153 CODICE FISCALE 04965670153,,,,LASA,l.capelli@lasaair.it,HO,I
IT,3847143,0012,SNATT LOGISTICA SPA UNICO SOCIO,VIA RUFFILLI 9,,20060  PESSANO CON BORNAGO   MI,ITALY,+39 0295743439,IT02060420359 CODICE FISCALE 02060420359,,,,SNAT,giuseppe.corsini@snatt.it,HO,I
IT,3847144,0011,T.A.G. SPA,VIA PRATI 25,,CALDERARA DI RENO IT 40012,Italy,39051720250,IT01586001206,,,,TAG G,tag-account@tag-italia.net,HO,I
IT,3847153,0016,DYNAMIC FORWARDING INTERNATIONAL SRL,VIA PO 150,,20032  CORMANO MILANO       MI,ITALY,+39 0266300640,IT07935080155 CODICE FISCALE 07935080155,,,,DYNAM,maurizio.bazzani@mildynamic.it,HO,I
IT,3847154,0015,CARGO CARRIERS SRL,VIA ENRICO SERRETTA 2 ,,20156 - MILAN ,ITALY,+39 0558873548,IT10694480152 CODICE FISCALE 10694480152,,,,CARGO,cargo.carriers.flr@cargocarrier.it,HO,I
IT,3847155,0014,GER.CO SRL,ZONA ARTIGIANALE CONSORZION A.S.I.,,70123 AGGLOMERATO BARI MODUGNO LOTTO 109,ITALY,+39 0805353753,IT03416840720 CODICE FISCALE 03416840720,,,,GER.C,giovanna@gerco.it,HO,I
IT,3847157,0012,TUVIA ITALIA SPA,VIA QUINTILIANO 27,,20138 MILANO,ITALY,+39 02 58092311,IT08248610159 CODICE FISCALE 08248610159,,,,TUVIA,silvia.mazza@it.tuviagroup.com,HO,I
IT,3847157,0034,TUVIA ITALIA SPA,Via S. Vernier 21 (II Zona Industriale),,30020 Marcon (Venezia),ITALY,+39 0415960210,IT08248610159 CODICE FISCALE 08248610159,2008-09-18,,,TUVIA,alessandro.canese@it.tuviagroup.com,BR,I
IT,3847158,0011,FUTURA CARGO INTL SRL,VIA FALZAREGO 10,,00054  FIUMICINO            RM,ITALY,+39 066507351,IT04766991006 CODICE FISCALE 04766991006,,,,FUTUR,futura@futuracargo.it ,HO,I
IT,3847164,0012,KERRY PROJECT LOGISTICS (ITALIA) S.P.A.,VIA QUINTILIANO 31/A,,20138  MILANO               MI,ITALY,+39 02580921,IT08116230155 CODICE FISCALE 08116230155,,,,SAGA,sagaitaliaspa@legalmail.it,HO,I
IT,3847165,0011,Air Express di Bezzani Walter & C. S.A.S. ,"Via Milano, 9 ",,20090 Pobbiano di Rodano   MI,ITALY,+39 02 926851,IT08388700158 CODICE FISCALE 08388700158,,,,AIR E,serena.moriggi@airexpress.it,HO,I
IT,3847166,0010,TRISMARE TRASPORTI INT.LI SRL,"PIAZZA GUENZATI, 2",,21013  GALLARATE            VA,ITALY,+39 0331796475,IT00311510127 CODICE FISCALE 00311510127,,,,TRISM,apajno@trismare.com,HO,I
IT,3847168,0015,OTIM SRL,VIA DI FRANCIA 28,,16149  GENOVA               GE,ITALY,+39 01060321,IT03394670107 CODICE FISCALE 03394670107,,,,OTIM,gaspari@otim.net,HO,I
IT,3847173,0010,RINDI SERVIZI INTERNAZ. SRL,VIA CASELLINA N.44,,50018  SCANDICCI            FI,ITALY,+39 055755151,IT04495060487 CODICE FISCALE 04495060487,,,,RINDI,rindiservizi@gmail.com,HO,I
IT,3847179,0011,MATRAS SRL,Via Cassanese 224,,20090  SEGRATE MI,ITALY,+39 025392340,IT00275110104 CODICE FISCALE 00275110104,,,,ALLIA,carlo.compostella@matras.it,HO,I
IT,3847183,0014,SPEDIAMAR SRL,VIA S.BARTOLOMEO 95,,19126  LA SPEZIA            SP,ITALY,+39 0187509540,IT00729140111 CODICE FISCALE 00729140111,,,,SPEDI,info@spediamar.it,HO,I
IT,3847185,0012,BENETTON GROUP S.R.L.,VIA VILLA MINELLI 1,,31050 PONZANO VENETO,ITALY,+39 0422 517877,IT03490770264,,,,BENET,daniele.fregnan@benetton.it,HO,I
IT,3847186,0011,FLORENCE SHIPPING SPEDIZIONI INTERNAZIONALI SRL,VIA GIUSEPPE GIUSTI 229,,50041 CALENZANO,ITALY,+39 0557321247,IT04038340487 CODICE FISCALE 04038340487,,,,FLORE,alessio@florence-shipping.com,HO,I
IT,3847186,0022,FLORENCE SHIPPING SPEDIZIONI INTERNAZIONALI SRL,Via Dante 146,,20096 PIOLTELLO           MI,ITALY,+39 0291630144,IT04038340487 CODICE FISCALE 04038340487,,,,FLORE,emanuela@florence-shipping.com,BR,I
IT,3847187,0010,FULLCARGO SRL,VIA AMBROSOLI 8 C/D,,20090   RODANO   MI,ITALY,+39 0255400274,IT09278130159 CODICE FISCALE 09278130159,,,,FULLC,salinif@fullcargo.it,HO,I
IT,3847188,0016,STICCO SPED SRL,VIA A VESPUCCI 78,,80142  NAPOLI               NA,ITALY,+39 0815109403,IT05611910638 CODICE FISCALE 05611910638,,,,STICC,rsticco@sticcosped.com,HO,I
IT,3847190,0014,TRANSCARGO INTERNATIONAL 2010 SRL,VIA SALARIA 73,,00198  ROMA                 RM,ITALY,+39 06 4404083,IT11147501008,,,,TRANS,transcargo@tcargo.it,HO,I
IT,3847193,0011,AIR ENTERPRISE SRL,VIA SICILIA 1/3,,20098  SESTO ULTERIANO      MI,ITALY,+39 029883951,IT07693660156 CODICE FISCALE 07693660156,,,,AIR E,l.chiurazzi@airenterprise.it,HO,I
IT,3847194,0010,GES ITALY SPA,VIA A.G.EIFFEL 13/15,VIA A.G.EIFFEL 13/15,00148 ROME ,ITALY,+39 066507561,IT03518211002 CODICE FISCALE 03518211002,1991-02-01,,,ITSA,info@globeexpress.com,HO,I
IT,3847194,0032,GES ITALY SPA,"VIA RIVOLTANA, 35 - 20096",,PIOLTELLO (MI),ITALY,0039 029595131,IT03518211002,2014-10-27,,,ITSA,info@globeexpress.com,BR,I
IT,3847199,0012,ITC AGECO SRL,VIA COPPALATI 8 LOC. LE MOSE	,,29122  PIACENZA     PC,ITALY,+39 0523577511,IT00725280333 CODICE FISCALE 00725280333,,,,ITC A,aereo@itcageco.com,HO,I
IT,3847200,0011,INTERGLOBO SRL,VIA FANIN 2,,20090  SEGRATE          MI,Italy,+39 022694471,IT00389060104 CODICE FISCALE 00389060104,,,,INTER,mpalazzi@interglobo.it,HO,I
IT,3847203,0015,ALBATRANS SPA,VIA DEL BOTTEGHINO 19,,50018  SCANDICCI            FI,ITALY,+39 0557311071,IT04470180482 CODICE FISCALE 04470180482,,,,ALBAT,info.flr@albatrans.com,HO,I
IT,3847204,0014,FIORAVANTI SRL,"VIA VALTELLINA, 18",,20159  MILANO               MI,ITALY,+39 02607821,IT08240060155 CODICE FISCALE 08240060155,,,,FIORA,accounting@fioravanti.com,HO,I
IT,3847207,0011,A.CO.S.S. SRL,VIA ALTIVOLE 1/D,,31031  CAERANO S.MARCO      TV,ITALY,+39 0423650585,IT02206110260 CODICE FISCALE 02206110260,,,,A.CO.,sandro.zanella@acoss.it,HO,I
IT,3847211,0014,ALITRANS SRL,VIA FRANCIA 37,,37069  VILLAFRANCA DI VERONA  VR,ITALY,+39 0456335911,IT01292010236 CODICE FISCALE 01292010236,,,,ALITR,alitrans@alitrans.it,HO,I
IT,3847212,0013,STEFANELLI SPEDIZIONI SRL,VIA CASSANESE 218/220,,20090  SEGRATE              MI,ITALY,+39 022139379,IT10521500156 CODICE FISCALE 01250740121,,,,STEFA,laura@stefanelli-spedizioni.com,HO,I
IT,3847214,0011,BIANCHI & C. TRASPORTI INTERNAZIONALI SRL,Via Adda 18/20,,22070  CASNATE CON BERNATE (CO),ITALY  ,+39 031566811,IT00671810133 CODICE FISCALE 07612010152,,,,BIANC,amministrazione@bianchigroup.com,HO,I
IT,3847217,0015,ITALSEMPIONE SPA,VIA RESTELLI 1,,20010  VITTUONE             MI,ITALY,+39 02903501,IT00235300035 CODICE FISCALE 00235300035,,,,ITALS,mirella.cervio@italsempione.it,HO,I
IT,3847217,0026,ITALSEMPIONE SPA,VIA DI GONFIENTI 2A/B,,59100  GONFIENTI-PRATO      PO,ITALY,+39 0574510528,IT00235300035 CODICE FISCALE 00235300035,,,,ITALS,luca.lombardi@italsempione.it,BR,I
IT,3847218,0014,STELCI & TAVANI TRANSP. INT.LI SRL,VIA SALVATORE BARZILAI 206,,00173  ROMA             ,ITALY,+39 067232040,IT02114361005 CODICE FISCALE 80023510581,,,,STELC,stelcirome@libero.it,HO,I
IT,3847221,0011,BRACCHI SRL,"VIA VENEZIANA, 443",,24045  FARA GERA D  ADDA    BG,ITALY,+39 03633901,IT00686250150 CODICE FISCALE 00686250150,,,,BRACC,apanzera@bracchi.it,HO,I
IT,3847226,0013,PUNTO SYSTEM SPA,VIA MELONI DI QUARTIROLO 8,,41012  CARPI                BO,ITALY,+39 0590630220511,IT01861040366 CODICE FISCALE 01861040366,,,,PUNTO,finance@puntosystemgroup.com,HO,I
IT,3847226,0024,PUNTO SYSTEM SPA,VIA DANTE 144,,20096 LIMITO DI PIOLTELLO  MI,ITALY,+39 0596322540,IT01861040366 CODICE FISCALE 01861040366,,,,PUNTO,ilenia.borellini@puntosystemgroup.com,BR,I
IT,3847228,0011,TRASPORTI INTERNAZIONALI TRANSMEC SPA,VIA PONTE ALTO 32,,41011  CAMPOGALLIANO        MO,ITALY,+39 059895805,IT00179970363,1996-09-01,,,TRANS,transmec@transmecgrsup.it,HO,I
IT,3847228,0022,TRASPORTI INTERNAZIONALI TRANSMEC SPA,STRADA PROVINCIALE 201-CORNELIANO BERTARIO,,20060  TRUCCAZZANO           MI,ITALY,+39 0295986711,IT00179970363,,,,TRANS,mroselli@transmecgroup.it,BR,I
IT,3847230,0016,RICOLFI & C SPA,STRADA COMUNALE PONTEROTTO SNC VIALE DELLA STAZIONE,,81030   GRICIGNANO DI AVERSA,ITALY,+39 0815029075,IT00282670637 CODICE FISCALE 00282670637,,,,RICOL,aereo@ricolfi.com,HO,I
IT,3847231,0015,Arezzo Sped SRL,Via Augusto Righi 11A,,52100 Arezzo               AR,Italy,+39 057527777,IT01367830518 CODICE FISCALE 01367830518,,,,AREZZ,info@arezzosped.it,HO,I
IT,3847234,0012,Yusen Logistics (Italy) S.P.A,Via Privata Piemonte 1,,20010 Arluno   (MI),ITALY,+39 029544971,IT10281950153 CODICE FISCALE 10281950153,,,,YUSEN,p-sgorbini@yuseneurope.com,HO,I
IT,3847237,0016,AVION COMPANY SPA,VIA G. DI VITTORIO 37,,20068  PESCHIERA BORROMEO   MI,ITALY,+39 0255364011,IT11571160156 CODICE FISCALE 11571160156,,,,AVION,serenella.garatti@avioninternational.com,HO,I
IT,3847237,0020,AVION COMPANY SPA,"VIA SANDRO PERTINI, 5 ",,50019   SESTO FIORENTINO               FI,ITALY,+39 055459971 ,IT11571160156 CODICE FISCALE 11571160156,,,,AVION,serenella.garatti@avioninternational.com,BR,I
IT,3847238,0015,ALBERTO DANISELLI FORWARDING SRL,"VIA CARLO DEL PRETE, 2",,56121  PISA                 PI,ITALY,+39 05044338,IT01273190502 CODICE FISCALE 01273190502,,,,ALBER,paoladaniselli@adf.it,HO,I
IT,3847239,0014,CENTROSPED SRL,VIA LUIGI GUSSALLI 13,,25125  BRESCIA              BS,ITALY,+39 0303581355,IT02005010174 CODICE FISCALE 02005010174,,,,CENTR,info@centrosped.it,HO,I
IT,3847240,0013,ACS-EXPRESS SRL,"VIA TORINO, 64",,21013  GALLARATE            MI,ITALY,+39 0331798689,IT02212610121 CODICE FISCALE 02212610121,,,,ACS E,sales2@acs-express.it,HO,I
IT,3847241,0012,STANTE LOGISTICS SRL,VIA DEI GERANI 4  ZONA INDUSTRIALE,,70026  MODUGNO              BA,ITALY,+39 0805860111,IT02701280725 CODICE FISCALE 02701280725,,,,STANT,dscardigno@stantelogistics.com,HO,I
IT,3847244,0016,LUSITALIA LOGISTIC SRL,"VIA BIZZOZZERO, 78",,20032  CORMANO              MI,ITALY,+39 0266300923,IT12905160151 CODICE FISCALE 12905160151,,,,LUSIT,air@lusitalia.com,HO,I
IT,3847245,0015,AIR SERVICE IMPORT EXPORT SRL,SETTORE MERCI A.R. BOX 22,,00050  AEROPORTO FIUMICINO  RM,ITALY,+39 0665010094,IT01505911006 CODICE FISCALE 06170850587,,,,AIR S,info@airservice-importexport.it,HO,I
IT,3847246,0014,BARBARINI & FOGLIA SRL,VIA PORTUENSE 1555 ISOLA N/50,,00050  PONTE GALERIA        RM,ITALY,+39 066586134,IT01187701006 CODICE FISCALE 03352950582,,,,BARBA,fforte@befgroup.com ,HO,I
IT,3847247,0013,RHENUS LOGISTICS SPA,VIA DELLE AZALEE 6,,20090 BUCCINASCO     MILAN,ITALY,+39 024885251,IT12377440156 CODICE FISCALE 03456600109,,,,Rhenu,lucio.fieschi@it.rhenus.com,HO,I
IT,3847249,0011,TNT GLOBAL EXPRESS SRL,CORSO GIULIO CESARE 268,,TORINO,ITALY,+39  01122268001,IT09399880153,,,,TNT G,airfreight@tntitaly.it,HO,I
IT,3847249,0022,TNT GLOBAL EXPRESS SRL,CORSO LOMBARDIA 63 C,,10099  SAN MAURO TORINESE   TO,ITALY,+39 0112226750,IT09399880153,,,,TNT G,freightsolutions@tntitaly.it,BR,I
IT,3847250,0010,BCUBE FREIGHT FORWARDING SRL,PIAZZA SAN CAMILLO DE LELLIS 1,,20124 MILANO,ITALY,+39 02 58585370,IT07204430966 CODICE FISCALE07204430966 ,,,,VILLA,piero.falchero@bcube.net,HO,I
IT,3847251,0016,S.A.C.I.D. SRL SERV. ASS.ZA COMM. INT.LE E DOG.LE,EDIFICIO SERVIZI INGRESSO OVEST 11 PIANO CARGO CITY,,00050           FIUMICINO ,ITALY,+39 0665011617,IT01616441000 CODICE FISCALE 06782990581,,,,SACID,rika.watanuki@sacid.it,HO,I
IT,3847253,0014,GENERAL CARGO SRL,VIA EUROPA 7/B,,24050  ORIO AL SERIO        BG,ITALY,+39 035316070,IT01871530166 CODICE FISCALE 01871530166,,,,GENER,renatat@generalcargo.it,HO,I
IT,3847254,0013,ROHLIG ITALIA SPA,"VIA ACHILLE GRANDI, 12, LIMITO DI PIOLTELLO",,20096 MILAN,ITALY,+39 029268171,IT11803680153 CODICE FISCALE 11803680153,,,,ROHLI,giacomo.dipaola@rohlig.com,HO,I
IT,3847255,0012,GIANESINI ERMINIO SRL,"VIA SAN GABRIELE, 26",,34170  GORIZIA              GO,ITALY,+39 0481597111,IT00135790319 CODICE FISCALE 00135790319,,,,GIANE,amministrazione@gianesini.com,HO,I
IT,3847258,0016,ALLTRANS SRL,VIALE DELLE INDUSTRIE 15,,20090  SETTALA              MI,ITALY,+39 0295375256,IT03195840156 CODICE FISCALE 03195840156,,,,ALLTR,all@alltrans.it,HO,I
IT,3847259,0015,GABELLA SERVIZI INT.LI SRL,"VIA REMO LA VALLE, 9",,00054  FIUMICINO            RM,ITALY,+39 066507321,IT00914781000 CODICE FISCALE 00589090588,,,,GABEL,airfreight@gabella.net,HO,I
IT,3847261,0013,SHIPPING SERVICES ITALIA SRL,VIA CASSANESE 224 PALAZZO CARAVAGGIO,,20090 SEGRATE (MI),ITALY,+39 0269433405,IT00796840494 CODICE FISCALE 00388800278,,,,SHIPP,a.bardella@fremuragroup.com,HO,I
IT,3847262,0012,KINTETSU WORLD EXPRESS ITALIA SRL,Via Cassanese 214/216,,20090  SEGRATE              MI,ITALY,+39 0226950092,IT12481190150 CODICE FISCALE 12481190150,,,,KINTE,milexp@kwe.com,HO,I
IT,3847264,0010,COSMOS SRL,VIA ABATE TOMMASO 72/A/1,,30020  QUARTO D ALTINO      VE,ITALY,+39 0422823822,IT02842390276 CODICE FISCALE 02842390276,,,,COSMO,alberto@cosmossrl.com,HO,I
IT,3847266,0015,C.T.I. SRL,Via Mure 45 C,,31030  Altivole,Italy,+39 0423915430,IT03291890261 CODICE FISCALE 03291890261,,,,C.T.I,ptodesco@cti-spa.com,HO,I
IT,3847268,0013,FISCHER & RECHSTEINER COMPANY SPA,VIA PIEDIMONTE 46,,23868  VALMADRERA           LC,ITALY,+ 39  034119111,IT00210750139 CODICE FISCALE 00210750139,,,,FISCH,e.maggi@ferfreight.com,HO,I
IT,3847268,0024,FISCHER & RECHSTEINER COMPANY SPA,VIA VALLADA 42A,,33080 PORCIA              PN,ITALY,0434923159,IT00210750139,2009-04-17,,,FISCH,fca@ferfreight.com,BR,I
IT,3847268,0035,Fischer and Rechsteiner Company SPA,Via Monte Novegno 7,,36051 Bassano Del Grappa,Italy,+39 0424 382796,IT00210750139,2012-12-01,,,Fisch,c.corra@ferfreight.com,BR,I
IT,3847270,0011,CLASQUIN ITALIA SRL,VIA LONDRA 20/22,,20090  SEGRATE MI,ITALY,+39 0226921770,IT11950500154,,,,CLASQ,vli.mil@clasquin.com,HO,I
IT,3847271,0010,I.S.G. ITALIAN SHIPPING GROUP SRL,VIA DELLA CORONA BOREALE 240,,00054  FIUMICINO      RM,ITALY,+39 066583301,IT04658041001 CODICE FISCALE 04658041001,,,,I.S.G,i.sbarra@isgitaly.it,HO,I
IT,3847273,0015,CASASCO & NARDI SPA,PIAZZA FOSSATELLO 3,,16124 GENOVA,ITALY,+39 010 2717325,IT00263400103 CODICE FISCALE 00263400103,,,,CASAS,gigi.ravera@casasconardi.com ,HO,I
IT,3847274,0014,NEW SPECIAL DELIVERIES SRL,"VIA FRATELLI BRONZETTI, 101",,21013  GALLARATE  VA,ITALY,+39 0331777134,IT02357610126 CODICE FISCALE 02357610126,,,,NEWSP,raffaele@newspecial.it,HO,I
IT,3847277,0011,MONDIALSEA SRL,VIA RAGAZZI DEL 99 12/14,,50054  FUCECCHIO              FI,ITALY,+39 0571245111,IT00708260500 CODICE FISCALE 00708260500,,,,MONDI,e.ciabattini@mondialsea.com,HO,I
IT,3847278,0010,F.C. CARGO TEAM SRL,P.LE CADUTI IN BOSNIA EDIF.SERV.II PIANO,,00050  FIUMICINO             RM,ITALY,+39 0665011911,IT05443441000 CODICE FISCALE 05443441000,,,,F.C.,info@fccargoteam.it,HO,I
IT,3847280,0015,PENTAGON FREIGHT SERVICES ITALIA S.R.L.,VIA AURELIO NICOLODI 15,,20161  MILANO               MI,ITALY,+39 02 39330797,IT08672590968,,,,PENTA,simone.rovida@pfsmilan.com ,HO,I
IT,3847281,0014,AEROSERVIZI SRL,ED.SPED. CargoCity ADR VIA M. CASTOLDI snc,,00050  FIUMICINO            RM,ITALY,+39 0665011557,IT00876451006 CODICE FISCALE 00391090586,,,,AEROS,info@aeroservizi.it,HO,I
IT,3847283,0012,CSD TALEVI SRL,CORSO GARIBALDI 15,,60121  ANCONA               AN,ITALY,+39 071206725,IT00753320423 CODICE FISCALE 00753320423,,,,CSD T,csd@csdtalevi.it,HO,I
IT,3847290,0012,IPI LOGISTICA SRL,VIA ANTONIO FOGAZZARO 28,,"20135, MILAN",ITALY,+39  05591961,IT12710320156 CODICE FISCALE 12710320156,,,,IPI L,michela.biondi@prada.com,HO,I
IT,3847291,0011,CORBETTA TRASPORTI SRL,TANG. E. MATTEI 14/D,,30020  PORTOGRUARO          VE,ITALY,+39 0421394247,IT01405890938 CODICE FISCALE 01405890938,,,,CORBE,info@corbettatrasporti.it,HO,I
IT,3847293,0016,BDP Italia SRL,Via Londra 7/9,,20090 Segrate                MI,Italy,+39 022166851,IT12563530158 CODICE FISCALE 12563530158,,,,SCHRY,claudio.ammer@bdpint.com,HO,I
IT,3847293,0020,BDP Italia SRL,Via Dei Gonfienti S/C/54,,59100 Prato,Italy,+39 0574583244,IT12563530158 CODICE FISCALE 12563530158,2005-04-01,,,SCHRY,claudio.ammer@bdpinternational.com,BR,I
IT,3847293,0031,BDP Italia SRL,Via C. Monteverdi 2/4,,36100 Vicenza,Italy,+39 0444566232,IT12563530158 CODICE FISCALE 12563530158,2005-04-01,,,SCHRY,claudio.ammer@bdpinternational.com,BR,I
IT,3847293,0042,BDP Italia SRL,Via Delle Arti 101,,00054 Fiumicino   RM,Italy,0039+06 65002870,IT12563530158 CODICE FISCALE 12563530158,,,,SCHRY,w.pagliaccia@bdpinternational.com,BR,I
IT,3847294,0015,U. Del Corona & Scardigli SRL,Via Londra 16,,20090  SEGRATE,Italy,+39 02 70200904,IT01357070497 CODICE FISCALE 01357070497 ,,,,U DEL,stefania.chierici@delcoronascardigli.com,HO,I
IT,3847294,0026,U. Del Corona & Scardigli SRL,Via Londra 16,,20090 Segrate   ,Italy,+39 0270200904,IT01357070497 CODICE FISCALE 01357070497  ,,,,U,m.fischetto@fjt.it,BR,I
IT,3847295,0014,ELLEDI SPA,VIA PADERGNONE 27,,24050 GRASSOBBIO              BG,ITALY,+39 035525888,IT01610020164 CODICE FISCALE 01610020164,,,,ELLED,export@elledispedizioni.it,HO,I
IT,3847296,0013,DR. AGOSTINO CALO SPEDIZIONI INTERNAZIONALI AGENZIA DOGANALE,VIA PIETRO DA GALLARATE NO. 11,,21013 GALLARATE               VA,ITALY,+39 0331777631,IT02334100126 CODICE FISCALE 02334100126,,,,DR.AG,calo.malpensa@gmail.com,HO,I
IT,3847297,0012,SEA TRANSPORT MANAGEMENT SPA,VIA LUCCOLI N. 32,,16123 GENOVA,ITALY,+39 01054535317,IT02806090102 CODICE FISCALE 02806090102,,,,SEATR,administration@seatram.it,HO,I
IT,3847299,0010,Bianchi & CO c/o Valbianchi SRL,VIA ADDA 20,,22070 CASNATE CON BERNATE,Italy,+39 031 566948,IT03776460135 ,,,,BIANC,a.biava@bianchitrasporti.com,HO,I
IT,3847301,0015,SAT CARGO SRL,VIA DON LUIGI STURZO 2/4,,20020 LAINATE                 MI,ITALY,+39 0293799388,IT12885910153 CODICE FISCALE 12885910153,,,,SAT C,t.altavilla@satcargo.com,HO,I
IT,3847304,0012,AB ALBERTO BRIGHENTI SRL,VIA DEL SERPENTE 95/A,,25125  BRESCIA              BS,ITALY,+39 0302681281,IT00484960174 CODICE FISCALE 00484960174,,,,AB AL,andrea.brighenti@brighenti.it,HO,I
IT,3847306,0010,PIETRO BALENA & FIGLI SRL,CORSO A.DE TULLIO 20,,70122  BARI                 BA,ITALY,+39 0805214529,IT03690220722 CODICE FISCALE 03690220722,,,,PIETR,c.balena@pietrobalena.it,HO,I
IT,3847307,0016,NEW FLY SRL,VIA MARCO CORNER 19/21,,36016  THIENE               VI,ITALY,+39 0445382883,IT02689110241 CODICE FISCALE 02689110241,,,,NEW F,newfly@newfly.it,HO,I
IT,3847309,0014,DE GIORGIO TRASPORTI SRL,ZONA INDUSTRIALE A.S.I. SUD,,81025  MARCIANISE SUD        CE,ITALY,+39 0823512205,IT00272220633 CODICE FISCALE 00272220633,,,,DE GI,clienti.fornitori@degeorgiotrasporti.it,HO,I
IT,3847312,0011,CARIONI SPEDIZIONI INTLI SRL,VIA VALTELLINA 6,,20159 MILAN,ITALY,+39 029268741,IT10504140152 CODICE FISCALE 10504140152,,,,CARIO,info@carispe.com,HO,I
IT,3847313,0010,S.I.T.T.A.M. SRL,VIA MONZORO N. 100,,20010  CORNAREDO            MI,ITALY,+39 02934801,IT09722040152 CODICE FISCALE 09722040152,,,,S.I.T,info@mail.sittam.it,HO,I
IT,3847313,0021,S.I.T.T.A.M. SRL,VIA A.EINSTEIN 35/3,,50013 CAMPI BISENZIO,ITALY,,IT09722040152,2012-11-01,,,S.I.T,v.monticini@mail.sittam.it,BR,I
IT,3847314,0016,ALEMANNO & C SRL,VIA ROMA 31,,57126 LIVORNO               LI,ITALY,+39 0586895578,IT01040210492 CODICE FISCALE 01040210492,,,,ALEM,gconti@alemannospedizioni.it,HO,I
IT,3847316,0014,MAVER INTERNATIONAL FORWARDING AGENT SRL,"VIA MONZESE, 34 ",,20060VIGNATE (MI),ITALY,+39 0295350640,IT11756570153 CODICE FISCALE 11756570153,2005-08-01,,,MAVER,w.mantovani@maverintnl.it,HO,I
IT,3847321,0016,ARTERIA SRL,VIA I. PETTINENGO 72,,00159  ROMA                 RM,ITALY,+39 064394700,IT13254800157 CODICE FISCALE 13254800157,,,,ARTER,info.rom@arteria.it,HO,I
IT,3847325,0012,EMBASSY CARGO SPA,VIA DI GONFIENTI 5/C/58,,59100  PRATO                PO,ITALY,+39 0574704101,IT01847840350 CODICE FISCALE 01847840350,,,,EMBAS,marini@embassycargo.eu,HO,I
IT,3847328,0016,TIRRENA SRL,VIALE D. ZACCAGNA 6,,54031  AVENZA-CARRARA       MS,ITALY,+39 058550731,IT01374420451,,,,TIRRE,contab@tirrena.it,HO,I
IT,3847330,0014,SIFTE BERTI SPA,VIA DONIZETTI 18,,20020  LAINATE              MI,ITALY,+39 02933391,IT00798850152 CODICE FISCALE 00798850152,,,,SIFTE,marco.daino@sifteberti.it,HO,I
IT,3847330,0025,SIFTE BERTI SPA,VIA NARO 71,,00040  POMEZIA              RM,ITALY,+39 0691608027,IT00798850152 CODICE FISCALE 00798850152,,,,SIFTE,marco.daino@sifteberti.it,BR,I
IT,3847330,0036,SIFTE BERTI SPA,VIA NATTA 15,,35030  RUBANO               PD,ITALY,+39 0498975454,IT00798850152 CODICE FISCALE 00798850152,,,,SIFTE,marco.daino@sifteberti.it,BR,I
IT,3847330,0040,SIFTE BERTI SPA,VIA SOMMACAMPAGNA 22/A,,37137  VERONA               VR,ITALY,+39 0458285411,IT00798850152 CODICE FISCALE 00798850152,,,,SIFTE,,BR,I
IT,3847330,0051,SIFTE BERTI SPA,"CORSO SVIZZERA, 185",,10149  TORINO               TO,ITALY,+39 0117715190,IT00798850152 CODICE FISCALE 00798850152,,,,SIFTE,barbara.vagnino@org.sifteberti.it,BR,I
IT,3847330,0062,SIFTE BERTI SPA,"VIA P. BARANZATO, 1",,13100  VERCELLI             VC,ITALY,+39 0161299511,IT00798850152 CODICE FISCALE 00798850152,,,,SIFTE,marco.daino@sifteberti.it,BR,I
IT,3847330,0073,SIFTE BERTI SPA,"VIA AQUILEIA, 32/C",,34070  VILLESSE             GO,ITALY,+39 048191202,IT00798850152 CODICE FISCALE 00798850152,,,,SIFTE,ivana.zecchini@org.sifteberti.it,BR,I
IT,3847330,0084,SIFTE BERTI SPA,COMPARTO 4 BLOCCO 5 INTERP. BO,,40010  BOLOGNA              BO,ITALY,+39 0516650222,IT00798850152 CODICE FISCALE 00798850152,,,,SIFTE,carlo.russo@org.sifteberti.it,BR,I
IT,3847330,0095,SIFTE BERTI SPA,VIA PROV.LE LUCCHESE 181/111-112 LOC.OSMANNORO,,50019  SESTO FIORENTINO     FI,ITALY,+39 055323711,IT00798850152 CODICE FISCALE 00798850152,,,,SIFTE,fabio.pergolini@org.sifteberti.it,BR,I
IT,3847330,0106,SIFTE BERTI SPA,"VIA CIARROCCHI, 48",,62013  CIVITANOVA M. ALTA   MC,ITALY,+39 0733800011,IT00798850152 CODICE FISCALE 00798850152,,,,SIFTE,antonello.iannascoli@sifteberti.it,BR,I
IT,3847331,0013,ARIMAR INTERNATIONAL SPA,VIA VIII MARZO 35/C,,50018  SCANDICCI            FI,ITALY,+39 0557220081,IT04875970487 CODICE FISCALE 04875970487 ,,,,ARIMA,giacomo.mele@arimar.it,HO,I
IT,3847332,0012,SAVITRANSPORT TRIVENETO SRL,VIA FELTRINA SUD 191,,31044  MONTEBELLUNA         TV,ITALY,+39 0423603712,IT02211350489 CODICE FISCALE 02211350489,,,,SAV T,sven07@savitransport.it,HO,I
IT,3847335,0016,CRANE WORLDWIDE LOGISTICS SRL,VIA PIETRO CHIESA 9,,GENOVA-16149,ITALY,+39 01 029268101,IT01340660990 CODICE FISCALE 01340660990,,,,CRANE,info.mxp@craneww.com,HO,I
IT,3847337,0014,IFL SPEDIZIONI SPA,VIA DANTE 144,,20090  LIMITO DI PIOLTELLO  MI,ITALY,+39 0292792801 ,IT13269640150 CODICE FISCALE 13269640150,,,,IFL S,luigi.fumagalli@iflsped.it,HO,I
IT,3847342,0016,SERVIZI AEROPORTUALI SARDI SRL,VIA ROMA 121,,09124 CAGLIARI              ,ITALY,+39 070 657923,IT02309850929 CODICE FISCALE 02309850929,,,,SERVI,s.plaisant@plaisant.it,HO,I
IT,3847345,0013,STAR SHIPPING & FORWARDING AGENT SRL,VIA SALVO D'ACQUISTO 28,,21053   CASTELLANZA   VA,ITALY,+39 0331500915,IT03731380964,2005-12-01,,2017-02-15,STAR,account@starsfa.it,HO,I
IT,3847346,0012,CODOGNOTTO ITALIA SPA,VIA CALNUOVA 18,,31040 SALGAREDA,ITALY,+39 0422 744812,IT00474360310,2006-03-01,,,ITK S,michela.nardin@codognotto.com,HO,I
IT,3847347,0011,LS LOGISTICA & SPEDIZIONI,VIA CHARLES LENORMANT 236/240 DRAGONA,,ROME IT 00119,Italy,39065652358,IT05133581008,,,,STUDI,info@lslogistica.net,HO,I
IT,3847348,0010,NSC SRL NORTH SOUTH COMPANY,VIA DELL ARTIGIANATO 9,,24046  OSIO DI SOTTO        BG,ITALY,+39 0354195000,IT02369140161 CODICE FISCALE 02369140161,,,,NSC S,federica@nsccargo.eu,HO,I
IT,3847350,0015,INTERJUMBO SERVICE SRL,VIA LEOPARDI 10,,22070  GRANDATE             CO,ITALY,+39 031565474,IT00222640138 CODICE FISCALE 00222640138,,,,INTER,s.carraro@ijs.it,HO,I
IT,3847352,0013,Global Cargo Srl,Via R.Benini 11/H,,50013 Campi Bisenzio ,ITALY,+39 0574 633635,IT01834120972 CODICE FISCALE 01834120972,2005-06-01,,,GLOBA,mcavallini@globalcargo.it,HO,I
IT,3847353,0012,I DIKA SPA,STRADA BRANDIZZO 243,,10088  VOLPIANO             TO,ITALY,+39 0119826611,IT00460250012 CODICE FISCALE 00460250012,,,,I DIK,siviero@i-dika.com,HO,I
IT,3847356,0016,APRILE SPA,"VIA CASSANESE 224, PALAZZO CARAVAGGIO",,20090  SEGRATE              MI,ITALY,+39 02-9737 9622,IT01324870995 CODICE FISCALE 01324870995,,,,APRIL,m.censavi@aprile.it,HO,I
IT,3847356,0020,Aprile SPA,Via Corona Boreale 240,,00054 Fiumicino,Italy,+39 06 65047841,IT01324870995,2012-07-01,,,April,m.divilio@aprile.it,BR,I
IT,3847360,0012,A. ELLE CARGO SRL,PIAZZA D' AZEGLIO 5,,55049 VIAREGGIO,ITALY,+39 0412698010,IT05083080480 CODICE FISCALE 04280540370,,,,A.ELL,export@elle-cargo.it,HO,I
IT,3847361,0011,ITALIANSPED SPA,"VIA PRADAZZO 7, BLOCK 16",,42100  CALDERARA DI RENO    BO,ITALY,+39 051725040,IT01684481201 CODICE FISCALE 00265650101,2005-09-01,,,ITSPE,italiansped@italiansped.it,HO,I
IT,3847364,0015,MACROS SAS DI GIANNI ROSSI & CO,"CARGO VILLAGE, VIA ASMARA 3,C, SCALA 1 PIANO 1",,56121  PISA AIRPORT,ITALY,+39 050500861,IT01283490504 CODICE FISCALE 01283490504,2005-08-01,,,MACR,paolo.cinelli@macsped.it,HO,I
IT,3847365,0014,AIR OCEAN CARGO SPA,"Via Dante Alighieri, 144",,20096 LIMITO DI PIOLTELLO    MI,ITALY,+39  0292169408,IT13277140151 CODICE FISCALE 13277140151,2005-09-01,,,AIROC,mfebbi@airoceancargo.com,HO,I
IT,3847366,0013,APICE MILANO SRL,VIA J.F.KENNEDY 25,,20090 RODANO  MI,ITALY,+39 02 9595711,IT09504950966,2005-10-01,,,PANZI,milano@apice.it,HO,I
IT,3847367,0012,Cargo Compass SPA,Via Lavoria 56 L/M/N,,56040 Cenaia-Crespina (PI),Italy,+39 050643111,IT01678000504 CODICE FISCALE 01678000504,2005-06-01,,,CARGO,cargocompass@cargocompass.it,HO,I
IT,3847367,0023,Cargo Compass SPA,"Via dell Industria, 14",,20032 Cormano,Italy,+39 026154161,IT01678000504 CODICE FISCALE 01678000504,2007-05-30,,,CARGO,unizzola@cargocompass.it,BR,I
IT,3847369,0010,SAVING TRANSPED SRL,VIA MAJORANA 73,,50019 OSMANNORO  SESTO FIORENTINO FI,ITALY,+39 055375599,IT01396150482 CODICE FISCALE 01396150482,2005-06-01,,,SAVTR,info@savingtransped.it,HO,I
IT,3847370,0031,Fercam SPA,Via Terrazzano 97,,20017 Rho  MI,Italy,+39 0471 530405,IT00098090210 CODICE FISCALE 00098090210,2006-03-01,,,FERCA,info@fercam.com,HO,I
IT,3847370,0042,Fercam SPA,Via Inhilterra 10,,35127 Padova      PD,Italy,0039+049 7627300,IT0098090210 FISCAL CODE 0098090210,,,,FERCA,Piero.Falchero@Fercam.com ,BR,I
IT,3847370,0053,Fercam SPA,Via Di Gonfienti 5/C/54,,59100 Prato     PO,Italy,0039+0574 709200,IT00098090210 FISCAL CODE 00098090210,,,,FERCA,giovanni.mundo@fercam.com,BR,I
IT,3847371,0015,APICE VENEZIA SRL,VIA MUTINELLI 23/1,,30173 MESTRE   VE,ITALY,+39 041936697 ,IT00909950271 CODICE FISCALE 00909950271,2005-09-01,,,APICE,irene.menato@apice.it ,HO,I
IT,3847373,0013,NEW CARGOJET SRL,VIA MARTIRI DELLA LIBERTA' 3,,20060 LISCATE MI ,ITALY,+39 024456535,IT01284390158 CODICE FISCALE 01284390158,,,,NEW C,info@newcargojet.com,HO,I
IT,3847374,0012,EOL SPA,Via Dante 144,,20096 Pioltello (MI),ITALY,+39 02 36722400,IT01960460978 CODICE FISCALE 01960460978,1999-01-01,,,EAOL,milae@eolog.com,HO,I
IT,3847374,0023,EOL SPA,Via di Gonfienti 5/C/50,,59100 Prato,ITALY,+39 0574514251,IT01960460978 CODICE FISCALE 01960460978,,,,EAOL,flrairfreight@eolog.com,BR,I
IT,3847377,0016,Central Shipping Agency SPA,Via Ludovico di Breme 25/27,,20156 Milan,Italy,+39 02 38000480,IT09982260151,,,,Centr,esamighetti@csaspa.com,HO,I
IT,3847378,0015,STANTE SRL  STANTE SPEDIZIONI INTERNAZIONALI,SS. 265  KM. 27.200 ,,81025  MARCIANISE,ITALY,+39 0823581411,IT03164340634 CODICE FISCALE 03164340634,2006-03-01,,,STANT,info.napoli@stante.it,HO,I
IT,3847379,0014,BFG BEST FOR GOODS SRL,VIA GORIZIA 1/D,,20096 SEGGIANO DI PIOLTELLO,ITALY,+39 029035611 ,IT04772920965 CODICE FISCALE IT04772920965,2006-01-01,,,BFGGR,info@bestforgoods.com,HO,I
IT,3847380,0013,CAMERETTI CONSULENZE SRL,VIA C.U. MADDALENA N.5,,80144   NAPOLI,ITALY,39  0817518572,IT05392021217,2006-02-01,,,CAMER,accounting@cameretticonsulenze.it,HO,I
IT,3847383,0010,EUROSERVICE SPA,VIA COMUNALE CASTAGNA PAL. VEROLLA,,80026  CASORIA  NAP,ITALY,+39 0817576006,IT03075101216 CODICE FISCALE 06612570637,2006-02-01,,,EUROS,g.esposito@eusena.it,HO,I
IT,3847384,0016,Tecnofreight SRL,Via Vespucci 2   ,,24046 Osio Sotto   BG,Italy,+39 0354185111 ,IT02244020166 CODICE FISCALE 02244020166,2006-04-01,,,TECNO,account@tecnofreight.it,HO,I
IT,3847384,0020,Tecnofreight SRL,Via Gorizia 5,,20096 Pioltello,Italy,+39.0292161241,IT02244020166 CODICE FISCALE 02244020166,2007-10-04,,,TECNO,francesca.colpani@tecnofreight.it,BR,I
IT,3847385,0015,MORE FREIGHT SRL,AEROPORTO CRISTOFORO COLOMBO CARGO BLDG,,16154  GENOVA ,ITALY,+39 0106001342,IT01267200994 CODICE FISCALE 01267200994,2006-02-01,,,MOREF,mirco.more@morefreight.sis-net.it,HO,I
IT,3847386,0014,CIGISPED SRL,VIA B. BOSCO 57/7,,16122   GENOVA,ITALY,+39 010815873,IT02683750109 CODICE FISCALE 02683750109,2006-02-01,,,CIGIS,cigisped@cigisped.it,HO,I
IT,3847387,0013,Multilogistics SPA,VIA MARTIRI DELLA LIBERTA' 6/10 218/220,,20060 LISCATE,Italy,+39 022130371,IT10435040158 CODICE FISCALE 10435040158,2006-03-01,,,MULTI,multilogistic@multilogistic.it,HO,I
IT,3847387,0024,Multilogistics SPA,Via Tetti Dell'Oleo 35,,10071 Borgaro Torinese,Italy,+39 011 4508055,IT10435040158 CODICE FISCALE 10435040158,,,,MULTI,SFANTINI@MULTILOGISTIC.IT,BR,I
IT,3847389,0011,UNITRANSPORTS SPA,"VIA ZURIGO, 28/2",,20147  MILANO               MI,ITALY,+39 0248303059,IT08867840152 CODICE FISCALE 00450110101,,,,UNITR,unitransports@unitransports.com,HO,I
IT,3847390,0010,LOGWIN AIR + OCEAN ITALY SRL,VIA G. DI VITTORIO 21,,"20090 CALEPPIO DI SETTALA, MI.",ITALY,+39 022169161,IT02072700350 CODICE FISCALE 02072700350,,,,LOGWI,Silvia.Lazzarini@logwin-logistics.com,HO,I
IT,3847391,0016,Luvitrans International Srl,VIA DEL LAVORO 21,,20049 CONCOREZZO  MI,ITALY,+39 0396049895 ,IT07250660961 CODICE FISCALE 07250660961,2006-07-01,,,LUVIT,luvitrans@luvitrans.it,HO,I
IT,3847394,0013,CH ROBINSON INTERNATIONAL ITALY SRL,"VIALE DEL MULINO 1, PALAZZO U10",,20090 ASSAGO,ITALY,39 02 82508153,IT04741940961 CODICE FISCALE 04741940961,,,,CROB,milanairexport@chrobinson.com,HO,I
IT,3847395,0012,NUOVA TRANSPORTS SPA,"VIA DELLE ARTI, 24",,20863 CONCOREZZO,ITALY,39 039 62805270,IT02850070968,2008-11-01,2020-04-30,2020-03-12,NUOVA,amministrazione@gruppont.com,HO,I
IT,3847396,0011,PRIANO MARCHELLI SPA,VIA MOLO CAGNI,,GENOA 16128,ITALY,39 01023581,IT00260170105,,,,PRIAN,accounting@prianomarchelli.it,HO,I
IT,3847398,0016,WORLD CARGO SRL,VIA DEL FOSSO DELLA MAGLIANA 12,,00148 ROMA             RM,ITALY,+39 0665029134,IT04094951003 CODICE FISCALE 04094951003,,,,WORCA,r.colucci@worldcargo.it,HO,I
IT,3847398,0020,WORLD CARGO SRL,Via G. Di Vittorio 8/10,Via G. Di Vittorio 8/10,Milano,Italy,+390292271294,IT04094951003,2018-10-05,,,world,f.arcangeli@worldcargo.it,BR,I
IT,3847401,0013,NAS MARTIGNONI SRL,VIA TRIESTE 9,,21019  SOMMA LOMBARDO       VA,ITALY,+39 0331253576,IT03497090120,,,,A MAR,info@nasmartignoni.eu,HO,I
IT,3847402,0012,EURO CARGO EXPRESS SRL,VIA DI GONFIENTI 5/C/59,,59100 PRATO,ITALY,+39.0574591660,IT05483360482 CODICE FISCALE 05483360482,2007-06-01,,,EURO ,air.flr@eurocargo.com,HO,I
IT,3847405,0016,ASTER LOGISTICS SRL,VIA TRIBONIANO 103,,20156 MILANO     MI,ITALY,+39 023347621,IT04458160969 CODICE FISCALE 04458160969,,,,ASLO,finance@asterlog.com,HO,I
IT,3847406,0015,Atlantic Integrated Freight Srl,Via Giuseppe Di Vittorio 4,,20060 Liscate (MI),ITALY,(+39) 029587759,IT03827900964,2009-05-05,,,AIF,charles.kim@atlanticif.com,HO,I
IT,3847407,0014,BS FORWARDING SRL,VIA ACHILLE GRANDI 43 - A,,25125  BRESCIA,ITALY,+39 0303539013,IT03294670173 CODICE FISCALE 03294670173,2007-08-01,,,BS FO,expair@bsforwarding.com,HO,I
IT,3847408,0013,DELTA NOVEL SRL,VIA MAGAZZINI ANTERIORI TRAVERSA NORD 51,,48100 RAVENNA,ITALY,+39.0544593211,IT01418420392 CODICI FISCALE 01393060387,2007-12-01,,,DN IT,accounting@deltanovel.com ,HO,I
IT,3847410,0011,MITSUBISHI LOGISTICS EUROPE BV,VIA REDECESIO 5,,20090 SEGRATE,ITALY,+390226998426 ,IT05493810963 FISCAL CODE 05493810963,2007-12-01,,,MITSU,info@mlei.it,HO,I
IT,3847411,0010,EXPRESS SRL,Via A. de Gasperi 55,,80133 Napoli,ITALY,+39 2 9279241,IT07485270636,2007-10-01,,,PLANE,a.giuliani@expressglobal.it,HO,I
IT,3847412,0016,PREMIERE CARGO & LOGISTICS SRL,VIA G DI VITTORIO 28,,20090 PANTIGLIATE,ITALY,+39  029068821,IT01506620994 codici fiscale 01506620994,2007-12-01,,,PREMI,simona.bragante@premierair.it,HO,I
IT,3847413,0015,"FRACHT ITALIA, SRL","VIA G VERGA, 22",,20020 LAINATE,ITALY,+39.029319531,IT05504620963 FISCAL CODE 05504620963,2007-11-01,,,FRACH,fracht@frachtitalia.it,HO,I
IT,3847414,0014,TGD CONSOLIDATIONS ITALIA SRL,VIA VERDI 40,,28060 SAN PIETRO MOSEZZO (NO),ITALY,0321437778,IT03713240962 fiscal code 03713240962,2008-02-01,,,TGD C,giulia.fazio@tgdconsolidations.it,HO,I
IT,3847415,0013,FORMARO SPEDIZIONI SRL,VIA INTERPORTO CENTRO INGROSSO 180,,33170  PORDENONE,ITALY,+390434573633,IT00388210932 CODICE FISCALE: 00388210932 ,2008-03-01,,,FORMA,air@formaro.it ,HO,I
IT,3847418,0010,GALARDI SRL,VIA DI GONFIENTI 2/2,,59100  PRATO,ITALY,+390574562109,IT00335760971 CODICE FISCALE:03958650487,2008-12-01,,,GALAR,vanessa.pugi@galardisrl.it,HO,I
IT,3847419,0016,GDT LOGISTIC SPA,"VIA XII OTTOBRE 2, INT. 114-115",,16121 GENOA,ITALY,39 010 5353711,IT02249120102,2009-01-02,,,GDT,air@gdtlogistic.com,HO,I
IT,3847426,0016,GM INTERNATIONAL SRL,VIA S. ANTONIO 8/10,,20020 LAINATE (MI),ITALY,+39.0266227787,IT04959430960 CODICE FICALE: 04959430960,2008-12-01,,,GM IN,maurizio.mo@gminternational.net,HO,I
IT,3847429,0013,SO.GE.DI.M. Srl,VIA FABIO FILZI 2,VIA FABIO FILZI 2,MILANO,Italy,+39 02 97207301,IT10254810152,2009-08-01,,,SO.GE,info@sogedim.it,HO,I
IT,3847430,0012,Cotalia SRL,Via Monzese 34,,"20060 Vignate, MI.",Italy,+39 2 36640701,IT02677580124,2009-05-18,,,COTAL,info@cotalia.com,HO,I
IT,3847432,0010,Airsped SRL,Via Sibona 26,,10095 Grugliasco,Italy,0113057719,IT10493890015,2009-07-01,,,GSA,anna.giunchedi@gsascarl.it,HO,I
IT,3847433,0016,GTI Guarisco Trasporti Internazionali SRL,Via Dei Pradei 3,,22070 Grandate (CO),ITALY,+3931566111,IT00807830138,2009-08-01,,,GTI,marco.cristina@gtiguarisco.it,HO,I
IT,3847436,0013,Eurofret Italia srl,Via A. Nicolodi 19,,20161 Milan,ITALY,+390266227801,IT03847170960,2009-11-02,,,Eurof,sandro.valentini@eurofret.it,HO,I
IT,3847437,0012,Cargo Sales & Logistics srl,Borgo Sarchiani 99,,50026 San Casciano V.P. -Florence ,Italy,+39055828630,IT05777970483,2009-12-01,,,CS&L ,arianna@cargosales.it,HO,I
IT,3847437,0023,CARGO SALES & LOGISTICS SRL,VIA DELLA MAGGIOLA 23,,MONTECOSARO,ITALY,+39 055 828630,IT05777970483,2018-01-30,,,CARGO,lapo@cargosales.it,BR,I
IT,3847439,0010,Combiline International SPA,Via Fanin 2,,20090 Segrate,Italy,+39221308774,IT03973730967,2010-02-01,,,COMBI,lina.gessa@combiline.it,HO,I
IT,3847440,0016,T.R.N. SPEDIZIONI & LOGISTICS SRL,VIA CAVOUR 15,,38068 ROVERETO,ITALY,+39  445512221,IT02180720225,2010-04-01,,,TRN,amministrazione@trnimballaggi.it,HO,I
IT,3847442,0014,Foppiani Shipping and Logistics srl,Via Chemnitz 4 - Macrolotto 2,,59100 Prato,Italy,+ 39 0574 72951,IT05758900483,2010-05-01,,,FOPPI,f.stefanini@foppianishipping.it,HO,I
IT,3847443,0013,S.I. Express s.r.l.,Via Vernea 131,,10042 Nichelino,Italy,+390116279769,IT08012750017,2010-05-01,,,SIEXP,airsea@siexpress.com,HO,I
IT,3847444,0012,A.Y.S. AT YOUR SERVICE SRL,CORSO TRIESTE N.10,,00198 Rome,Italy,+390691250694,IT08685551007,2010-05-01,,,AYS,amministrazione@ayssrl.eu,HO,I
IT,3847446,0010,Visa Global Logistics Spa,Via Calvi di Coenzo 12,,42124 Reggio Emilia,Italy,390522236311,IT01590810352,2010-08-01,,,VGL,bartoli@gambogi-visa.it,HO,I
IT,3847447,0016,S.A.S.CO  Air Consolidator SRL,VIA ARETINA N.122/R,"LUNGAMO GUICCIARDINI 21, 20125 FLORENCE",50136 FLORENCE,Italy,+390331300269,IT06026850484,2010-08-01,,,SASCO,amministrazione@sasco.it,HO,I
IT,3847448,0015,Yamato Transport Europe B.V. Filiale di Milano,Via Londra 35,,20090 Segrate,Italy,+39 02 21872446,IT04847690965,2011-02-01,,,Yamat,z.bardelli@yamatoeurope.com,HO,I
IT,3847449,0014,Cermesoni International S.R.L.,Via Per Busto Arsizio 70,,21054 Fagnano Olona,Italy,+39 331 617199,IT02437340124,2011-06-01,,,CERME,info@cermesoni-int.com,HO,I
IT,3847450,0013,DAFARRA & SEVES SRL,VIA CASSANESE 224 - PALAZZO CARAVAGGIO - 5° PIANO,,20090 SEGRATE - MILANO OLTRE,Italy,02 36797070,IT01304870106,2011-07-01,,,DG,erika@dgairsea.it,HO,I
IT,3847451,0012,Fedex Trade Networks Transport & Brokerage (Italy) S.R.L.,Via Londra 35,,20090 Segrate,Italy,39 22 187 8001,IT07115460961,2011-09-01,,,FEDEX,italyfinance@ftn.fedex.com,HO,I
IT,3847451,0023,FEDEX TRADE NETWORKS TRANSPORT & BROKERAGE (ITALY) S.R.L.,VIA LONDRA 35,VIA LONDRA 35,SEGRATE,ITALY,+390221878010,IT07115460961,2019-04-09,,,FEDEX,enrica_gilli@ftn.fedex.com,BR,I
IT,3847451,0034,FEDEX TRADE NETWORKS TRANSPORT & BROKERAGE (ITALY) S.R.L.,"VIA LONDRA, 35",,SEGRATE-20090,Italy,+390221878010,IT07115460961,2019-06-12,,,FEDEX,enrica.gilli@fedex.com,BR, 
IT,3847457,0013,"Deugro (Italia) S.R.L., TA: Dehoco AG","Via Cassanese, 224, Palazzo Caravaggio 3rd floor",,20090 Segrate (Mi),Italy,39 02 2693171,IT11453500156,2011-11-01,,,deugr,deugroitalia@legalmail.it,HO,I
IT,3847459,0011,PHSE SRL,Via Paludicella 97,,80057 Sant'Antonio Abate (NA),Italy,0039 3209186474,IT04176351213,2011-12-01,,,PHSE,accounting.it@phse.com,HO,I
IT,3847460,0010,Marexport Global Forwarding SRL,VIA LONDRA 16,,"20090, Milan",Italy,0039 02 92160133,IT00278270103,2012-01-01,,,Marex,marexport@pec.fedespedi.it,HO,I
IT,3847461,0016,GCT SRL,VIA PRIMO MAGGIO 42,,36050  SOVIZZO,ITALY,0039 0444 536613,IT02169680242,2012-01-01,,,GCT,info@gctvicenza.com,HO,I
IT,3847462,0015,ITX Cargo Overseas SRL,Viale Espinasse 163,,20156  MILANO,Italy,39 02 87251860,IT07500290965,2012-04-01,,,ITX,m.tagliareni@itxcargo.com,HO,I
IT,3847465,0012,FIORE CASA DI SPEDIZIONI SRL,"VIA MAGAZZINI ANTERIORI, TRAV.NORD 51",,48122  RAVENNA              RA,ITALY,+390544598518,IT00070670393 CODICE FISCALE 00070670393,,,,FIORE,deborah@fioreravenna.it,HO,I
IT,3847469,0015,Ares Consulting SRL,Via Verdinois 6,,00159 Roma,Italy,06 40802330 ,IT06121281213,2012-06-01,,,ARES,r.desantis@aresconsulting.eu,HO,I
IT,3847472,0012,New Transport Milan s.r.l.,VIA IV NOVEMBRE 16/18,,20026 NOVATE MILANESE,Italy,+39) 026480845,IT07437380962,2012-12-01,,,NTM,cristina@newtransportmi.com,HO,I
IT,3847473,0011,CN Logistic SRL,"VIA SARONNINO, 3","VIA SARONNINO, 3",21040 ORIGGIO,Italy,+39 0287 157260,IT07868010963,2012-11-01,,,CN L,info@cnlogistics.it,HO,I
IT,3847474,0010,FREEDOM IN SALES SRL,"VIA DEL GREGGE 100, AVIOPORT LOGISTICS PARK",,21015 LONATE POZZOLO,ITALY,(+39) 0331661222,IT03299250120,2013-04-01,,,FIS,amministrazione@freedominsales-fis.it,HO,I
IT,3847474,0021,FREEDOM IN SALES SRL,"VIA G. BONMARTINI, 13 - SCALA B AEROPORTO MARCO POLO",,"TESSERA, 30173",ITALY,041 2698444,IT03299250120,2016-02-29,,,FIS,fisvce@freedominsales-fis.it,BR,I
IT,3847475,0016,ALLSERVICES S.R.L.,"VIA BUOZZI, 59",,20097 SAN DONATO MILANESE,ITALY,(+39) 02518951,IT03519060150,2013-01-01,,,Allse,giorgio.balzaretti@allservices.it,HO,I
IT,3847478,0013,Energy International Logistics SRL,"Via Privata Iseo 6/D, San Giuliano Milanese",,20098  SESTO ULTERIANO,Italy,39 02 99265611,IT07312990968,2013-04-01,,,ENERG,g.ferro@eilsrl.com,HO,I
IT,3847479,0012,Samer & Co. Shipping S.P.A.,Piazza dell'Unità d'Italia 7,,34121 Trieste,Italy,39 040 6702711,IT00047110325,2013-06-01,,,SAMER,secretarial@samer.com,HO,I
IT,3847480,0011,Sda Express Courier SPA,Via Eugenio Gra 19,,00163  ROMA,Italy,39 02 48875215,IT05714511002,2013-05-01,2020-04-30,2020-03-09,SDA,f.layo@sda.it ,HO,I
IT,3847481,0010,Tra-Ser Srl,Via di Portonaccio 35,,00159  ROMA,Italy,0039 06 203968,IT03893361000,2013-05-01,,,TRASE,amministrazione@traser.roma.it,HO,I
IT,3847482,0016,Erreci Cargo SRL,Via A. Locatelli 2,,21010 Vizzola Ticino (VA),Italy,39 03 31 230829,IT02232450029,2013-04-01,,,ERREC,alessandro.cassani@errecicargo.it,HO,I
IT,3847484,0014,Jas Projects SPA,Via Nizza 1/1,,16145 Genova,Italy,39010364002,IT03621230105,2013-09-01,,,JAS P,isabbagh@jasprojects.it,HO,I
IT,3847489,0016,MAURICE WARD & CO SRL,VIA CASSANESE 224 PALAZZO CARAVAGGIO,,"20090 Segrate, Mi",ITALY,+39 02 92278871,IT06860520961,2013-08-01,,,MAURI,accounting.italy@mauriceward.com,HO,I
IT,3847491,0014,ISS Palumbo SRL,Via Quaglierini 6,,57123 Livorno,Italy,39 0586 222 222,IT01732560493,2013-08-01,,,PALUM,marina.marelli@iss-palumbo.com,HO,I
IT,3847491,0025,ISS Palumbo SRL,Via Triulziana 12,,20097  SAN DONATO MILANESE,Italy,39 02 5579900,IT01732560493,2013-08-01,,,PALUM,marina.marelli@iss-palumbo.com,BR,I
IT,3847493,0012,Sistema Spedizioni SRL,"Interporto Centro Ingrosso Settore G, Numero 1",,33170  PORDENONE,Italy,39 04 34511023,IT01469330938,2013-10-14,,,SISTE,fulvio.cadelli@sistemaspedizioni.com,HO,I
IT,3847494,0011,AGS Gruppo Italia SRL,Via del Gregge 100; Palazzina 2,,21015 Lonate Pozzolo (VA),Italy,39 0331669818,IT06568740960,2014-01-20,,,AGS G,jmenel@agscargo.it,HO,I
IT,3847495,0010,Nando Cappelli SRL,Via Lungo Serio 1/D-E-F,,Grassobio 24050,Italy,0039035335891,IT01038060164,2014-03-17,,,CAPPE,spedizioni@nandocappelli.it ,HO,I
IT,3847496,0016,B&T Service SRL,Via Cesarea 11 / 6,,Genova 16162,Italy,+390107413630,IT01106710997,2014-03-24,,,B&T,gmaccaferri@betservice.net,HO,I
IT,3847497,0015,Edgar Trasporti SRL,"Via Portuense 1555, Commercity Modulo M35",,00148 Roma,Italy,06 65004225,IT12115151008,2014-06-09,,,EDGAR,marco.digiuliano@edgartrasporti.com,HO,I
IT,3847499,0013,RIF Line Italy SRL,Via delle Arti 101,,Fiumicino 00054,Italy,00398149751003,IT08149751003,2014-07-07,,,RIF L,info@riflinegroup.com,HO,I
IT,3847500,0012,Elite Service Import Export SRL,"Via Coriano 58, Bl. 34/A Gros Rimini",,47924 Rimini,Italy,39 05 41382224,IT03230400404,2014-07-07,,,ELITE,mary@eliteservice.info,HO,I
IT,3847501,0011,First Klass Service SRL,Via Gabriele d'Annunzio 2,,Vizzola Ticino 21010,Italy,39033123140,IT02112940503,2014-10-27,,,FIRST,katiuscia.o@firstklassservice.com,HO,I
IT,3847502,0010,CARGO RUSS ITALIA SRL,VIA REDECESIO 5,,20090 SEGRATE,ITALY,02 26950427,IT08096710960,2014-12-15,,,RUSS,info@cargoruss.it,HO,I
IT,3847503,0016,EUROFOR SRL,VIA PUNTA DI FERRO 2/A,,47122  FORLI                FO,ITALY,+39 0543 798892,IT01831010408 CODICE FISCALE 01831010408,,,,EUROF,eurofor@eurofor.biz,HO,I
IT,3847504,0015,SAN GIORGIO SRL,"VIA ORSATO, 46/6",,30175 MARGHERA,ITALY,+39 041 5384120,IT03654130271,2014-12-08,,,SANG,account@sangiorgioshipping.it,HO,I
IT,3847505,0014,NTG Transport Srl,Via IV Novembre 16/22,,20026  NOVATE MILANESE      MI,ITALY,+39 0239100026,IT01406320133 CODICE FISCALE 06833410159,,,,TRANS,oreste.iocchi@gondrand-logistics.com,HO,I
IT,3847506,0013,VENTANA SERRA SPA,"TANGENZ.SUD 20,500 INTERPORTO SITO",,10040  RIVALTA              TO,ITALY,+39 011397421,IT00572370013 CODICE FISCALE 00572370013,,,,VENTA,vborgna@ventanacargo.com,HO,I
IT,3847506,0035,VENTANA SERRA SPA,VIA MILES 10,,20040  CAVENAGO DI BRIANZA  MI,ITALY,+39 029505171,IT00572370013 CODICE FISCALE 00572370013,,,,VENTA,mpedicini@ventanaserra.com,BR,I
IT,3847507,0012,TOLL GLOBAL FORWARDING ITALIA SPA,VIA DI VITTORIO 8/10,,"20060 LISCATE, MI.",ITALY,+392841890,IT08748980961,2015-03-09,,,TOLL,dario.galbusera@tollgroup.com,HO,I
IT,3847510,0016,Omlog spa,"Via G. di Vittorio, 21",,20090 Settala,Italy,+39 02 955451,IT10925580150,2015-05-11,,,OMLOG,chiara.cantoni@omlog.com,HO,I
IT,3847512,0014,Genosped SRL,Via Caffaro 2/1 Genova 16124,Via Multedo di Pegli 2/P Genova 16155,Genova ,Italy,390106821157,IT01840560997,2015-05-18,,,GENOS,air237@genosped.net,HO,I
IT,3847512,0025,Genosped SRL,VIA FULCO RUFFO DI CALABRIA 10,,00054 FUIMICINO,ITALY,+39 6 6507000,IT01840560997,2015-06-22,,,GEN02,maugoait@gmail.com,BR,I
IT,3847513,0013,SILK WAY SHIPPING SRL,VIALE ANCONA 53,,30172 MESTRE,ITALY,+39 0414760535,IT12033461000,2015-06-29,,,SILK,info@silkwayshipping.com,HO,I
IT,3847514,0012,AL.BA SPEDIZIONI INTERNAZIONAL,VIA NEDO NADI 1,,LIVORNO IT 57123,Italy,+390586895068,IT01765990492,2015-07-21,,,AL.BA,valerio@albaspedizioni.it,HO,I
IT,3847515,0011,NORD OVEST SPA,VIA DELLA MOTORIZZAZIONE 21,,12100 CUNEO,ITALY,+39 0171 415600,IT00455030049 CODICE FISCALE 00455030049,,,,NORD,nord-ovest@nord-ovest.it,HO,I
IT,3847516,0010,DAXEL ITALY SRL,"Via Tempio del Cielo, 1-3-5","Via Tempio del Cielo, 1-3-5",ROME 00144,ITALY,+39 665000195,IT03319071209,2015-07-20,,,DAXEL,info@daxelitaly.it,HO,I
IT,3847517,0016,Challenge International Italia SAS,Via Checov 3,,20098 San Giuliano Milanese,Italy,+ 39 2 98 243232,IT08655740960,2015-08-31,,,Chall,karine.lemineur@challenge-int.fr,HO,I
IT,3847518,0015,AMAHS / AIRSEA MARKETING HANDLING SERVICES SRL,Via Alexandre Gustave Eiffel 100,,00148 Rome,Italy,+39 0640049033,IT14266801001,2015-09-21,,,AMA,export@amahs.it,HO,I
IT,3847521,0012,TIESSE SPA,VIE G. FANTOLI 28/12,,MILAN 20138,ITALY,+39 258009323,IT06253020967,,,,TIESS,danilo.barbieri@tiessespa.com,HO,I
IT,3847523,0010,Sev Stante Overseas,Viale Italia 215,"Via Perone 33, Alta Vicentina 36077 Italy",Creazzo,Italy,+39 04447490301,IT03476070242,2015-12-07,,,Sev,andrea.visone@stante.it,HO,I
IT,3847524,0005,World Asia Logistics SRL,Via Grandi 12,,Pioltello 20096,Italy,39 0292161192,IT07607410961,2016-02-29,,,WORLD,mil@myworldasia.com,HO,I
IT,3847525,0015,CISMAT SRL,PIAZZA DELLA VITTORIA 9/7,,"GENOA, 16121",ITALY,+390102530205,IT01604140994,2015-02-12,,,Cisma,info@cismat.com,HO,I
IT,3847527,0013,NV LOG SRL,PIAZZA A.VOLTA 2,,20873 CAVENAGO BRIANZA,ITALY,+390295335310,IT07188700962,2016-02-08,,,NV LO,aburmistrov@nvlogistic.com,HO,I
IT,3847528,0001,Etex Logistic SRL,Via Auguadri 22 ,,Como 22100,Italy,(320) 722-4356,IT03073340139,2016-02-29,,,ETEX ,vismara@etexlogistic.com,HO,I
IT,3847529,0011,CENTRAL CARGO SRL,VIA DI GONFIENTI 4/2,,59000 PRATO,ITALY,+39 05 58710295,IT06195690489,2016-03-14,,,CENTR,info@centralcargo.it,HO,I
IT,3847532,0015,FIEGE LOGISTICS ITALIA SLR,VIA MANUEL FANGIO 11,,LAINATE 20020,ITALY,+39292893240,IT08198010962,2016-08-29,,,FIEGE,it-info@fiege.com,HO,I
IT,3847534,0013,PSL SRL,Piazza Municipio 84,,"Naples, 80133",Italy,+390815523832,IT07435160630,2016-05-13,,,Parte,aspizzuoco@pslgroup.it ,HO,I
IT,3847535,0012,H AND FRIENDS GTL IT SRL,VIA REDECESIO 5,,SEGRATE 20090,ITALY,+39 02 213 1140,IT08941250964,2016-06-13,,,H AND,mxp@hnfriends.com,HO,I
IT,3847536,0011,CARGOAIR SRL,VIA MONTE GRAPPA 29/B,,TRUCCAZZANO 20060,ITALY,+39 02 95309349,IT05844261213,2016-06-13,,,CARGO,info@cargoair.it,HO,I
IT,3847537,0010,AIRNAUTIC ITALIA S.R.L.,VIA GIOVANNI BONMARTINI 13,,30173 VENEZIA ,ITALY,+39 04 12698437,IT06573540488,2016-07-04,,2019-12-20,AIRNA,giorgio.marino@airnautic.it,HO,I
IT,3847541,0013,LEADERSHIP FREIGHT ITALY SRL,VIA CASSANESE 224 PALAZZO CARAVAGGIO,,SEGRATE,ITALY,00393482509160,IT09428950969,2016-06-20,,,LFI,gilberto@leadershipfreight.com,HO,I
IT,3847542,0012,SKYLINE SRL,PIAZZA SAN FRANCESCO 1,,"SARONNO, 21047",ITALY,(+39) 0295701710,IT08774150968,2016-07-18,,,SKY,roberta.castiglioni@skylinecargo.net,HO,I
IT,3847558,0010,LEONARDI & C.GROUP SPA,VIA DELLA SALUTE 16,,40132  BOLOGNA              BO,ITALY,+39 0516414226,IT00318070364 CODICE FISCALE 00318070364,,,,LEONA,fdagostino@leonardispa.it ,HO,I
IT,3847576,0013,Jet Air Service SPA,Via Merlo 3,,20090  Milan,Italy,+39 02216921,IT01921910152 CODICE FISCALE 01921910152,,,,JET A,ginetta.pantone@jas.com,HO,I
IT,3847576,0024,Jet Air Service SPA,Via Tetti Dell'Oleo 35,,10071 Borgaro Torinese        TO,Italy,+39 0114076111,IT01921910152 CODICE FISCALE 01921910152,,,,JET A,rtomasetto@jasitaly.com,BR,I
IT,3847576,0035,Jet Air Service SPA,Via Mario Carraro 13/17,,36041  Alte Montecchio Maggiore VI,Italy,+39 0444609111,IT01921910152 CODICE FISCALE 01921910152,,,,JET A,fcavedon@jasitaly.com,BR,I
IT,3847576,0046,Jet Air Service SPA,Via Persicetana 26,,40012 Calderara Di Reno  BO,Italy,+39 05 13171911,IT01921910152 CODICE FISCALE 01921910152,,,,JET A,slovison@jasitaly.com,BR,I
IT,3847576,0050,Jet Air Service SPA,Viuzzo Di Porto 4/B,,50010 Badia A Settimo      FI,Italy,+39 055737311,IT01921910152 CODICE FISCALE 01921910152,,,,JET A,atognelli@jasitaly.com,BR,I
IT,3847576,0061,Jet Air Service SPA,"Interporto Romano, Via Corona Boreale 240",,00054 Fiumicino,Italy,+39 066583341,IT01921910152 CODICE FISCALE 01921910152,,,,JET A,amartini@jasitaly.com,BR,I
IT,3847576,0072,Jet Air Service SPA,Via Capri 63,,80026 Casoria (NA),Italy,+39 0815841650,IT01921910152 CODICE FISCALE 01921910152,,,,JET A,gesposito@jasitaly.com,BR,I
IT,3847576,0083,Jet Air Service SPA,Via Roberto Paci 12,,62012 Civitanova Marche    MC,Italy,+39 0733898149,IT01921910152 CODICE FISCALE 01921910152,,,,JET A,g.pantone@jasitaly.com,BR,I
IT,3847603,0014,ITALMONDO SPA TRASPORTI INTERNAZIONALI,VIA TRIESTE 16,,20020 LAINATE               MI,ITALY,+39 02939401,IT00737560151 CODICE FISCALE 00737560151,,,,ITALM,lucia.marazzi@italmondo.com,HO,I
IT,3847616,0015,UBV OCEAN AND AIR SRL,Via Zara 5,,20096 PIOLTELLO/ MILANO,ITALY,+39 02926831,IT02035870159   CODICE FISCALE 03575140136,,,,UBV ,jacopo.campochiaro@mercimpex.it,HO,I
IT,3847616,0026,UBV OCEAN AND AIR SRL,VIA PRATESE 87,,50145 PISTOIA,ITALY,+39 0573 1716362,IT02035870159,2016-02-08,,,UBV,C.SORBI@UBV.IT,BR,I
IT,3847627,0011,Musarella Domizio Giuseppe LN Collegamondo SRL,"Via Battistotti Sassi , 2 ",,20133 Milano,Italy,+39 0965644999,IT01351300809 CODICE FISCALE 01351300809,,,,PUNTO,amministrazione@xpress.it,HO,I
IT,3847627,0022,Musarella Domizio Giuseppe LN Collegamondo SRL,Aeroporto Linate Pal. Spedizionier c/o Az Cargo,,20090  Aeroporto Linate   MI,Italy,+39 0224993516,IT01351300809 CODICE FISCALE 01351300809,2006-04-01,,,PUNTO,valzasina@xpress.it,BR,I
IT,3847629,0016,D.B. GROUP SPA,VIA FELTRINA SUD 95,,31044 BIADENE DI MONTEBELLUNA (TV),ITALY,+39 04 236131,IT03311000263 CODICE FISCALE 00413430273,,,,D.B.,mogliano@dbgroup.net,HO,I
IT,3847629,0031,D.B. GROUP SPA,VIA FANTOLI 28/5,,20138  MILANO               MI,ITALY,+39 025072061,IT03311000263 CODICE FISCALE 00413430273,,,,D.B.,exportaereo@dbgroup.net,BR,I
IT,3847629,0042,D.B. GROUP SPA,VIA DI GONFIENTI SNC,,PRATO 59100,ITALY,390574562884,IT03311000263,2014-04-07,,,D.B.,sales.airexport@dbgroup.net,BR,I
IT,3847643,0016,TRANS WORLD SHIPPING SPA,"VIA F. LAMBORGHINI, 1",,62012  CIVITANOVA MARCHE    MC,ITALY,+39 0733898890,IT01141410439 CODICE FISCALE 01141410439,,,,TRANS,cm_administration@twsonline.it,HO,I
IT,3847653,0013,TIMAT SERVICE SRL,VIA PASUBIO 16,,36050  OLMO DI CREAZZO      VI,ITALY,+39 0444226122,IT00917970246 CODICE FISCALE 00917970246,,,,TIMAT,andrea@timat.it,HO,I
IT,3847666,0014,RUGGHIA & ASSOCIATI SRL,"Via della Magliana, 256",,00146 Rome         RM,ITALY,+39 0665010026,IT01139291007 CODICE FISCALE 02946300585,,,,RUGGH,administration@rugghia.eu,HO,I
IT,3847685,0016,EXPOTRANS SRL,"Via A.G. Eiffel, 100 Commercity Isola P44",,00148  ROMA,ITALY,+39 0665004846,IT03903121006 CODICE FISCALE 03903121006,,,,EXPOT,Marco.Donnici@expotrans.net ,HO,I
IT,3847704,0011,GIANFRANCO RIGHI SRL,CENTRO DOGANALE INTERPORTO,,40100  BENTIVOGLIO (BO)     BO,ITALY,+39 0516650282,IT00533661203 CODICE FISCALE 01122050378,,,,GIANF,accounting.bo@gianfrancorighi.it,HO,I
IT,3847704,0033,GIANFRANCO RIGHI SRL,STRADA VECCHIA DEL PINOCCHIO 18/A,,60131  ANCONA               AN,ITALY,+39 0712814811,IT00533661203 CODICE FISCALE 01122050378,,,,GIANF,air.an@gianfrancorighi.it,BR,I
IT,3847707,0015,SAVING SPED AIR SRL,VIA LONDRA 7/9,,20090  SEGRATE         MI,ITALY,+39 02576891,IT12163410157 CODICE FISCALE 12163410157,,,,SAVIN,ssa@savingroup.com,HO,I
IT,3847743,0014,SOTRADE SRL,"VIA IV NOVEMBRE, 20/22",,NOVATE MILANESE 20026,ITALY,+39 026460695,IT01418490155 CODICE FISCALE 01418490155,,,,SOTRA,contabilita@sotrade.it,HO,I
IT,3847768,0010,SIGMA TRANS INTERNATIONAL SPA,VIA KENNEDY 3 FRAZIONE MILLEPINI,,20090  RODANO               MI,ITALY,+39 02959551,IT03294910967,,,,SIGMA,fatture@sigmatrans.it ,HO,I
IT,3847837,0011,SITES SRL,C.SO PIEMONTE 46 AUTOPORTO PESCARITO,,10099  S MAURO TORINESE     TO,ITALY,+39 0112236846,IT01038270011 CODICE FISCALE 01038270011,,,,SITES,francesca.deangelis@sitescargo.com,HO,I
IT,3847837,0022,SITES SRL,BOX 21 AEROSTAZIONE MERCI,,00054  AEROPORTO FIUMICINO  RM,ITALY,+39 066529017,IT01038270011 CODICE FISCALE 01038270011,,,,SITES,renato@sitescargo.com,BR,I
IT,3847846,0016,SEBI SRL,VIA LOCATELLI 2,,21010  VIZZOLA TICINO       VA,ITALY,39  0331231111,IT01512040120CF01512040120,,,,SEBI,anna.caletti@sebigroup.com,HO,I
IT,3847860,0016,GIANNETTI SAS,VIA A.DE PRETIS 114,,80133  NAPOLI               NA,ITALY,+39 0815510126,IT06087010630 CODICE FISCALE 06087010630,,,,GIANN,a.douffi@gianettigroup.it,HO,I
IT,3847864,0012,INTERNATIONAL SURFACE FREIGHT SRL,"VIA P. NENNI, 5",,20094  CORSICO              MI,ITALY,+39 0245103482,IT01293880157 CODICE FISCALE 01293880157,,,,INTER,debora@isflogistics.com,HO,I
IT,3847889,0015,BOLLORÉ LOGISTICS ITALY SPA,STRADA VECCHIA PAULLESE N.5/B,,20090 PANTIGLIATE           MI,ITALY,+39 0290627001,IT09473960152 CODICE FISCALE 00367150497,,,,BOLLO,m.pozzoli@sdv.com,HO,I
IT,3847889,0026,BOLLORÉ LOGISTICS ITALY SPA,VIA PORTA EST 17,,MARCON 	 30020,ITALY,+390414567133,IT09473960152 CODICE FISCALE 00367150497,,,,BOLLO,valerio.pietrobon@bollore.com,BR,I
IT,3847889,0030,BOLLORÉ LOGISTICS ITALY SPA,VIA DELLE ARTI 123,,FIUMICINO 00054,ITALY,+39 0665029760,IT09473960152 CODICE FISCALE 00367150497,,,,BOLLO,francesco.pansini@bollore.com,BR,I
IT,3847889,0041,BOLLORÉ LOGISTICS ITALY SPA,BLOCCO 4 COMPARTO 3,,BENTIVOLGIO 40010,ITALY,+39051665331,IT09473960152 CODICE FISCALE 00367150497,,,,BOLLO,fabrizio.dimarco@bollore.com,BR,I
IT,3847889,0052,BOLLORÉ LOGISTICS ITALY SPA,VIA DI GONFIENTI 4 EDIFICIO A,,PRATO 59100,ITALY,+39057475781,IT09473960152 CODICE FISCALE 00367150497,,,,BOLLO,duccio.becagli@bollore.com,BR,I
IT,3847890,0014,TRE EMME SMIMAT SRL,VIA DELLA SCAFA 334,,00054  FIUMICINO (I.SACRA)  RM,ITALY,+39 066520295,IT01654751005 CODICE FISCALE 06954990583,,,,TRE E,treemmesmimat@tin.itc,HO,I
IT,3847904,0014,CONCORDE SRL,VIA MARCO POLO 106,,65126  PESCARA              PE,ITALY,+39 08564154,IT01288230681 CODICE FISCALE 01288230681,,,,CONCO,v.difabio@concordeairsea.it,HO,I
IT,3847914,0011,NIPPON EXPRESS ITALIA S.p.A.,via Juan Manuel Fangio 11 ,,LAINATE ,Italy,+39 029345671 ,IT06280060150 CODICE FISCALE 06280060150,,,,FRANC,francovago.mil@pec.it,BR,I
IT,3847914,0033,NIPPON EXPRESS ITALIA S.p.A,"VIA VIII MARZO, 6",,50018 SCANDICCI,Italy,+390557317160,IT06280060150 CODICE FISCALE 06280060150,,,,FRANC,air.flr@francovago.com,HO,I
IT,3847914,0055,NIPPON EXPRESS ITALIA S.p.A,Via Della Siderurgia 79,,36100 Vicenza             VI,Italy,+39 0444839411,IT06280060150 CODICE FISCALE 06280060150,,,,FRANC,air.vic@francovago.com,BR,I
IT,3847914,0066,NIPPON EXPRESS ITALIA S.p.A,Via Roberto Paci 12,,62012 Civitanova Marche    MC,Italy,+39 0733800411,IT06280060150 CODICE FISCALE 06280060150,,,,FRANC,air.civ@francovago.com,BR,I
IT,3847914,0070,NIPPON EXPRESS ITALIA S.p.A.,"Via Londra, 12 Milano Oltre",,Segrate 20090,ITALY,+390221698929,IT06280060150,2020-02-04,,,NIPPO,sonia.robecchi@neeur.com,BR, 
IT,3847930,0016,HELLMANN WORLDWIDE LOGISTICS SPA,Via Eugenio Montale 16/18,,20090  NOVEGRO DI SEGRATE   MI,ITALY,+39 027562781,IT05167790962 FISCAL CODE 05167790962,,,,ASCT,stefano.chiappa@it.hellmann.net,HO,I
IT,3847930,2002,HELLMANN WORLDWIDE LOGISTICS SPA,"BLOCCO 6.2, INTERPORTO ",,BOLOGNA 40010,ITALY,0516655811,IT05167790962,2014-04-07,,,ASCT,info-bologna@it.hellmann.net,BR,I
IT,3847940,0013,RANDAZZO SRL,V DON L.STURZO 260 Z.I. CARINI,,90146  PALERMO              PA,ITALY,+39 0918680200,IT04063910824 CODICE FISCALE 04063910824,,,,RANDA,giovanni.randazzo@randazzosrl.it,HO,I
IT,3847965,0016,NIINIVIRTA - TRANSPORT SPA,VIA ADDETTA 16/A,,20067  TRIBIANO             MI,ITALY,+39 02 90626148,IT07911220155 CODICE FISCALE 07911220155,,,,NIINI,marghe@niinivirta.it,HO,I
IT,3847970,0011,O.T.E. SPEDIZIONI INTERNAZIONALI S.R.L,VIA PASUBIO 3,,20026 NOVATE MILANESE       MI,ITALY,+39 02662471,IT10726170151 CODICE FISCALE 10726170151,,,,O.T.E,villa@otegroup.it,HO,I
IT,3847976,0012,TARGET ITALIA SRL,VIA DELLA BURRONA 51,,20090  VIMODRONE            MI,ITALY,+39 022507191,IT10804060159 CODICE FISCALE 10804060159,,,,TARGE,cinzia.degiuseppe@targetitaly.it,HO,I
IT,3847988,0014,EXPEDITORS INTERNATIONAL ITALIA SRL,VIA GORIZIA 1B,,20096 SEGGIANO DI PIOLTELLO (MI),ITALY,+39 02006301,IT10809520157 CODICE FISCALE 10809520157,,,,EXPED,mil.estrattoconto@expeditors.com,HO,I
IT,3847988,0025,EXPEDITORS INTERNATIONAL ITALIA SRL,Via della Concordia 10,,37036 San Martino Buon Albergo (VR),ITALY,+39 0458790511,IT10809520157 CODICE FISCALE 10809520157,,,,EXPED,alessandro.vanni@expeditors.com,BR,I
IT,3847988,0036,EXPEDITORS INTERNATIONAL ITALIA SRL,VIA PERTINI 56,,50019  SESTO FIORENTINO            FI,ITALY,+39 0554649111,IT10809520157 CODICE FISCALE 10809520157,,,,EXPED,jasmin.masinovic@expeditors.com,BR,I
IT,3848003,0002,GLOBE AIR CARGO SRL	 ,VIA ALESSANDRO VOLTA 2,,LONATE POZZOLO,Italy,	+390331669272,IT12551040152,2017-10-10,,,GLOBE,accounting.it@ecsgroup.aero,HO,I
IT,3848495,0000,CISMAT Srl,Molo Ponte Morosini 49,,16126 Genova,Italy,+39 010 2530213,IT01604140994,,,,CISMA,riva@cismat.com,HO, 
IT,9994006,0010,COMPAGNIA AEREA MERCI SRL,AEROPORTO CRISTOFORO COLOMBO,,16154  GENOVA               GE,ITALY,+39 010600891,IT00268770104 CODICE FISCALE 00268770104,,,,COMPA,simone.valtolina@cmagoa.it,HO,A
IT,9994013,0010,MITSAFETRANS SRL,VIA DELL ARTIGIANATO 12,,20061  CARUGATE             MI,ITALY,+39 02921591,IT07051550155,,,,MITSA,aniello.maresca@mitsafetrans.it,HO,A
IT,9994018,0023,DHL EXPRESS ITALY SRL,Via Carlo Simeoni 135 ,,00040 CIAMPINO,Italy,,IT04209680158,,,,DHL A,margherita.santoro@dhl.com,BR,A
IT,9994018,0045,DHL EXPRESS ITALY SRL,TERMINAL 2 STRADA STATALE 336,,21019 MALPENSA AEROPORTO ,Italy,,IT04209680158,,,,DHL A,margherita.santoro@dhl.com,HO,A
IT,9994019,0011,PIAZZA SPEDIZIONI SRL,VIA VALVERDE 9,,95125  CATANIA              CT,ITALY,+39 0957164295,IT04145300879 CODICE FISCALE 04145300879,,,,PIAZZ,isipiasped@libero.it,HO,A
IT,9994026,0011,FLY UNITED SRL,AEROPORTO V. CATULLO,,37100 VERONA              VR,ITALY,,IT02019360235CF02019360235,,,,FLY,c.brighenti@flyunited.it,HO,A
IT,9994035,0016,FIRST INTERNATIONAL & COMPANY SRL,CARGO CITY - PAL.SERV.II PIANO ,,00050  FIUMICINO AEROPORTO  RM,ITALY,+39 066529237,IT08691601002 CODICE FISCALE 08691601002,,,,FIRST,mimmo.giannini@firstinternational.it,HO,A
IT,9994055,0010,"INTERNATIONAL AIR SERVICE & CONSULTING, A.I.S. AND C.",VIA ARETINA 167/B,,50136  FIRENZE              FI,ITALY,+39 055390041,IT05165130484 CODICE FISCALE 05165130484,,,,INTER,daniele@iasec.it,HO,A
IT,9999998,0010,IATA,VIALE DI VAL FIORITA 86,,00144  ROMA                 RM,ITALY,,IT05147271000,,,,IATA,info.it@iata.org,HO, 